simulation,placebo_mean_R
0,0.14250496187416975
1,0.2407447042042799
2,0.21512183315036154
3,0.2393596142733265
4,0.22893063716970966
5,0.23376560695830076
6,0.20796529896164706
7,0.2230209711018548
8,0.1726322745299957
9,0.2365143878451935
10,0.21244662400178924
11,0.21927596888435352
12,0.26139830063823416
13,0.18865619390058755
14,0.21977164474871777
15,0.20560035308361255
16,0.24710623404201607
17,0.2780597507488899
18,0.21326567986648212
19,0.22234755671043027
20,0.23934041469028183
21,0.24576062605635546
22,0.19996686382329393
23,0.23984381180214565
24,0.1896443320928919
25,0.25489233575599846
26,0.22290793486434393
27,0.23885621716146263
28,0.2522363261904708
29,0.23249860430244723
30,0.271356214388925
31,0.24663423573714083
32,0.22834446856845525
33,0.23874318092395183
34,0.22319125985823515
35,0.18914093498102805
36,0.21334697285230209
37,0.21337871610399298
38,0.21334697285230209
39,0.19960224584358277
40,0.26159587211596336
41,0.21366169665318197
42,0.26080915001020827
43,0.2735280264256335
44,0.1937984678268838
45,0.2472314695034709
46,0.156671793008933
47,0.18090957413189795
48,0.22842576155427521
49,0.16082592874292492
50,0.20588367807750374
51,0.23518627895628993
52,0.24742904098120014
53,0.23020155680428392
54,0.20560481361395458
55,0.22301382291549984
56,0.1971978180202554
57,0.1971978180202554
58,0.18630342980039458
59,0.22567698066738248
60,0.20650516246446748
61,0.22519278313856328
62,0.2544081382271793
63,0.2146184360384977
64,0.21196188292134868
65,0.20560481361395458
66,0.23076759087054435
67,0.18914093498102805
68,0.22842576155427521
69,0.2794448406798433
70,0.25382196962592496
71,0.2143351110446065
72,0.23376560695830076
73,0.24663423573714083
74,0.23874318092395183
75,0.23482788995007015
76,0.2687002048233973
77,0.23076759087054435
78,0.22245493703559432
79,0.1763778498086416
80,0.22384002696654773
81,0.20650516246446748
82,0.24525722894449165
83,0.23947770154842637
84,0.20560481361395458
85,0.22799854506750586
86,0.23718780223661798
87,0.2138821132158569
88,0.21366169665318197
89,0.156671793008933
90,0.2552070595568783
91,0.1945730081547973
92,0.18405032477786615
93,0.24742904098120014
94,0.17997748202969416
95,0.22301382291549984
96,0.21295002111365305
97,0.26080915001020827
98,0.23159379492159224
99,0.24539451580263616
100,0.22319125985823515
101,0.20952782583533577
102,0.21650692308131497
103,0.21010479468552004
104,0.19687005565296065
105,0.18164589695453878
106,0.2472314695034709
107,0.271356214388925
108,0.2334428000191167
109,0.2635701126749426
110,0.20588367807750374
111,0.17448936276582433
112,0.19779505178658546
113,0.24931752802401744
114,0.23265607791336165
115,0.21242197671867724
116,0.21326567986648212
117,0.19996686382329393
118,0.24201562383885422
119,0.25489233575599846
120,0.24525722894449165
121,0.21366169665318197
122,0.23159379492159224
123,0.2216287329845464
124,0.19687005565296065
125,0.26278339056918754
126,0.24201562383885422
127,0.2721429364946801
128,0.25314828375768067
129,0.24576062605635546
130,0.1726322745299957
131,0.23158664673523732
132,0.25314828375768067
133,0.26159587211596336
134,0.23482788995007015
135,0.23159379492159224
136,0.22290793486434393
137,0.22834446856845525
138,0.2508512362595174
139,0.2178786971755585
140,0.25942406007925484
141,0.264955202605896
142,0.2073560137986273
143,0.2155187848890106
144,0.2216287329845464
145,0.21227660672222853
146,0.2146184360384977
147,0.2721429364946801
148,0.2407447042042799
149,0.22519278313856328
150,0.2617211075774182
151,0.2444624237004324
152,0.1667427429971347
153,0.22784879270409095
154,0.2494032815401794
155,0.22143559914322042
156,0.2721429364946801
157,0.24493442200530757
158,0.19593796355075685
159,0.264955202605896
160,0.2484913239729695
161,0.21650692308131497
162,0.22115673467967123
163,0.20512007253351408
164,0.21326567986648212
165,0.2192637871065119
166,0.23518627895628993
167,0.22290793486434393
168,0.2396551384911617
169,0.2472314695034709
170,0.18865619390058755
171,0.16581065089493094
172,0.21643074245622046
173,0.26389291961412664
174,0.2042152631526591
175,0.18630342980039458
176,0.18353438399735605
177,0.23718780223661798
178,0.22834446856845525
179,0.1580568829398864
180,0.18818419559571228
181,0.26997112445797156
182,0.1950260059835469
183,0.2522363261904708
184,0.19222024405460433
185,0.23934041469028183
186,0.1896443320928919
187,0.22893063716970966
188,0.19364091605259356
189,0.17547750095812867
190,0.26278339056918754
191,0.22834446856845525
192,0.22981085148522862
193,0.24663423573714083
194,0.21244662400178924
195,0.2780597507488899
196,0.23076759087054435
197,0.2334428000191167
198,0.2629809620469168
199,0.21653812278138457
200,0.23809261161747297
201,0.1822946640628514
202,0.21413369495805715
203,0.22842576155427521
204,0.22972955849940865
205,0.22384002696654773
206,0.2694869269291524
207,0.23518627895628993
208,0.21326567986648212
209,0.2155187848890106
210,0.2494032815401794
211,0.21010479468552004
212,0.2178786971755585
213,0.21337871610399298
214,0.2042152631526591
215,0.25580429332320836
216,0.22301382291549984
217,0.234342575808485
218,0.156671793008933
219,0.24493442200530757
220,0.2552070595568783
221,0.22290793486434393
222,0.2063870751893676
223,0.23750346098944713
224,0.2552070595568783
225,0.22384002696654773
226,0.2396551384911617
227,0.25382196962592496
228,0.1950260059835469
229,0.19779505178658546
230,0.2794448406798433
231,0.1726322745299957
232,0.24805052536816385
233,0.21413369495805715
234,0.2155187848890106
235,0.25258224969142024
236,0.22319125985823515
237,0.2412289017330991
238,0.23657136888724334
239,0.22519278313856328
240,0.21413369495805715
241,0.24710623404201607
242,0.17547750095812867
243,0.2721429364946801
244,0.18090957413189795
245,0.2063870751893676
246,0.2407447042042799
247,0.26997112445797156
248,0.19222024405460433
249,0.1977137588007655
250,0.23265607791336165
251,0.20560481361395458
252,0.21792321271233794
253,0.22369465697009905
254,0.21244662400178924
255,0.2629809620469168
256,0.22972955849940865
257,0.19878318997888983
258,0.23934041469028183
259,0.23718780223661798
260,0.22115673467967123
261,0.22507974690105245
262,0.23158664673523732
263,0.2155187848890106
264,0.27588793871218137
265,0.21295002111365305
266,0.1896443320928919
267,0.18164589695453878
268,0.24710623404201607
269,0.2334428000191167
270,0.23668440512475417
271,0.24931752802401744
272,0.21977164474871777
273,0.2143351110446065
274,0.22143559914322042
275,0.21295002111365305
276,0.18040617702003411
277,0.23482788995007015
278,0.20588367807750374
279,0.23265607791336165
280,0.18164589695453878
281,0.2472314695034709
282,0.19222024405460433
283,0.2365143878451935
284,0.2393596142733265
285,0.20512007253351408
286,0.21792321271233794
287,0.195812728089302
288,0.2004702609351578
289,0.19829844889844928
290,0.1667427429971347
291,0.22567698066738248
292,0.26997112445797156
293,0.18090957413189795
294,0.17499275987768814
295,0.24631951193626098
296,0.21417763743369203
297,0.22392578048270975
298,0.2063870751893676
299,0.22754554723875622
300,0.2415122267269903
301,0.21650692308131497
302,0.2708720168601058
303,0.217104156847645
304,0.19687005565296065
305,0.2160347256695207
306,0.1981097755874653
307,0.23159379492159224
308,0.22143559914322042
309,0.21103688678772384
310,0.24524914580618742
311,0.23611837105849373
312,0.2530230482962259
313,0.25942406007925484
314,0.25396733962237367
315,0.19996686382329393
316,0.19593796355075685
317,0.22017574467372183
318,0.22661345513655243
319,0.17499275987768814
320,0.2178786971755585
321,0.23482788995007015
322,0.21010479468552004
323,0.1580568829398864
324,0.2073560137986273
325,0.22005050921226696
326,0.26080915001020827
327,0.18818419559571228
328,0.26159587211596336
329,0.23857289216757144
330,0.2373580909929984
331,0.23376560695830076
332,0.2635701126749426
333,0.20588367807750374
334,0.18865619390058755
335,0.19004128383154098
336,0.2160347256695207
337,0.22891050263471577
338,0.23874318092395183
339,0.22799854506750586
340,0.21650692308131497
341,0.21337871610399298
342,0.22234755671043027
343,0.2143351110446065
344,0.23293940290725287
345,0.26159587211596336
346,0.17033522703183235
347,0.1971978180202554
348,0.22245493703559432
349,0.2407447042042799
350,0.23857289216757144
351,0.19996686382329393
352,0.22234755671043027
353,0.25942406007925484
354,0.21977164474871777
355,0.2305975735909837
356,0.22245493703559432
357,0.14250496187416975
358,0.22519278313856328
359,0.18164589695453878
360,0.20952782583533577
361,0.19971528208109363
362,0.21526720314681028
363,0.2617211075774182
364,0.1822946640628514
365,0.24525722894449165
366,0.24663423573714083
367,0.22245493703559432
368,0.23572766573943837
369,0.19971528208109363
370,0.20588367807750374
371,0.23376560695830076
372,0.2694869269291524
373,0.24714571598730892
374,0.25165015758921644
375,0.17997748202969416
376,0.24539451580263616
377,0.2042152631526591
378,0.23885621716146263
379,0.2192637871065119
380,0.17499275987768814
381,0.24631951193626098
382,0.22115673467967123
383,0.2444624237004324
384,0.2412289017330991
385,0.19779505178658546
386,0.27727302864313486
387,0.195812728089302
388,0.156671793008933
389,0.2046928560467447
390,0.24539451580263616
391,0.20796529896164706
392,0.1981097755874653
393,0.26139830063823416
394,0.23293940290725287
395,0.2215228449333905
396,0.26278339056918754
397,0.23376560695830076
398,0.1950260059835469
399,0.22369465697009905
400,0.1822946640628514
401,0.23874318092395183
402,0.2407447042042799
403,0.2178786971755585
404,0.26731511489244386
405,0.24710623404201607
406,0.2794448406798433
407,0.24201562383885422
408,0.23158664673523732
409,0.264955202605896
410,0.22893063716970966
411,0.2535072458250451
412,0.2544081382271793
413,0.25489233575599846
414,0.1726322745299957
415,0.24931752802401744
416,0.22392578048270975
417,0.2114898846164735
418,0.2042152631526591
419,0.25489233575599846
420,0.20650516246446748
421,0.23668440512475417
422,0.19364091605259356
423,0.22799854506750586
424,0.24931752802401744
425,0.19595809808575076
426,0.20330776611579124
427,0.195812728089302
428,0.26389291961412664
429,0.22799854506750586
430,0.1937984678268838
431,0.2023712916466213
432,0.19364091605259356
433,0.20777216512032104
434,0.2530230482962259
435,0.22143559914322042
436,0.1867991056647589
437,0.23657136888724334
438,0.22784879270409095
439,0.22754554723875622
440,0.22834446856845525
441,0.2530230482962259
442,0.18090957413189795
443,0.2365143878451935
444,0.23718780223661798
445,0.23657136888724334
446,0.2635701126749426
447,0.1937984678268838
448,0.1945730081547973
449,0.25580429332320836
450,0.21425893041951197
451,0.2114898846164735
452,0.19595809808575076
453,0.26997112445797156
454,0.19687005565296065
455,0.2735280264256335
456,0.23020155680428392
457,0.25165015758921644
458,0.23376560695830076
459,0.2143351110446065
460,0.24525722894449165
461,0.2082881059008311
462,0.21650692308131497
463,0.18914093498102805
464,0.21244662400178924
465,0.2393596142733265
466,0.2155187848890106
467,0.19821715591262934
468,0.24710623404201607
469,0.19004128383154098
470,0.18040617702003411
471,0.2721429364946801
472,0.22893063716970966
473,0.2617211075774182
474,0.20952782583533577
475,0.22567698066738248
476,0.26139830063823416
477,0.21366169665318197
478,0.1971978180202554
479,0.2794448406798433
480,0.21010479468552004
481,0.22234755671043027
482,0.2093503888926005
483,0.26997112445797156
484,0.19821715591262934
485,0.2298425947369195
486,0.22893063716970966
487,0.21366169665318197
488,0.24340071376980757
489,0.24201562383885422
490,0.26389291961412664
491,0.18214929406640262
492,0.24714571598730892
493,0.23611837105849373
494,0.2721429364946801
495,0.24525722894449165
496,0.217104156847645
497,0.17997748202969416
498,0.2530352475201698
499,0.2522363261904708
500,0.20588367807750374
501,0.2530230482962259
502,0.26997112445797156
503,0.21417763743369203
504,0.2192637871065119
505,0.24742904098120014
506,0.23108231467142423
507,0.2093503888926005
508,0.20371186604079522
509,0.257064147792707
510,0.2334428000191167
511,0.2093503888926005
512,0.2305975735909837
513,0.21227660672222853
514,0.1977137588007655
515,0.20796529896164706
516,0.22754554723875622
517,0.22245493703559432
518,0.23611837105849373
519,0.21653812278138457
520,0.23076759087054435
521,0.2219515399237305
522,0.2082881059008311
523,0.22661345513655243
524,0.22784879270409095
525,0.2230209711018548
526,0.2522363261904708
527,0.21927596888435352
528,0.24931752802401744
529,0.2216287329845464
530,0.234342575808485
531,0.1763778498086416
532,0.22384002696654773
533,0.2004702609351578
534,0.19821715591262934
535,0.22507974690105245
536,0.26080915001020827
537,0.1794740849178303
538,0.2042152631526591
539,0.23482788995007015
540,0.24805052536816385
541,0.24631951193626098
542,0.22115673467967123
543,0.2114898846164735
544,0.24710623404201607
545,0.21643074245622046
546,0.2412289017330991
547,0.2073560137986273
548,0.21643074245622046
549,0.18090957413189795
550,0.2407447042042799
551,0.19687005565296065
552,0.18353438399735605
553,0.19364091605259356
554,0.23127098798240822
555,0.15616839589706913
556,0.21295002111365305
557,0.2735280264256335
558,0.27727302864313486
559,0.26080915001020827
560,0.22290793486434393
561,0.234342575808485
562,0.2794448406798433
563,0.18914093498102805
564,0.2735280264256335
565,0.25258224969142024
566,0.2396551384911617
567,0.17033522703183235
568,0.2635701126749426
569,0.21010479468552004
570,0.18630342980039458
571,0.17033522703183235
572,0.22891050263471577
573,0.18090957413189795
574,0.21977164474871777
575,0.17997748202969416
576,0.1822946640628514
577,0.21326567986648212
578,0.20512007253351408
579,0.23249860430244723
580,0.22245493703559432
581,0.24525722894449165
582,0.2082881059008311
583,0.26139830063823416
584,0.25567905786175354
585,0.20095500201559835
586,0.23076759087054435
587,0.24931752802401744
588,0.23249860430244723
589,0.22834446856845525
590,0.25382196962592496
591,0.2305975735909837
592,0.22005050921226696
593,0.1867991056647589
594,0.22005050921226696
595,0.20650516246446748
596,0.22842576155427521
597,0.21413369495805715
598,0.2146184360384977
599,0.2708720168601058
600,0.2073560137986273
601,0.23885621716146263
602,0.19364091605259356
603,0.22507974690105245
604,0.2794448406798433
605,0.2393596142733265
606,0.23857289216757144
607,0.1971978180202554
608,0.22017574467372183
609,0.22234755671043027
610,0.2018553508661112
611,0.22115673467967123
612,0.2535072458250451
613,0.23750346098944713
614,0.23108231467142423
615,0.21295002111365305
616,0.23127098798240822
617,0.23159379492159224
618,0.23127098798240822
619,0.18413161776368608
620,0.1896443320928919
621,0.23874318092395183
622,0.20650516246446748
623,0.20095500201559835
624,0.19971528208109363
625,0.195812728089302
626,0.22005050921226696
627,0.19595809808575076
628,0.17172031696278575
629,0.24631951193626098
630,0.23076759087054435
631,0.19779505178658546
632,0.23198266352193708
633,0.25567905786175354
634,0.18090957413189795
635,0.21295002111365305
636,0.17172031696278575
637,0.2694869269291524
638,0.1763778498086416
639,0.22842576155427521
640,0.23874318092395183
641,0.2552070595568783
642,0.2494032815401794
643,0.24576062605635546
644,0.20560481361395458
645,0.24576062605635546
646,0.26080915001020827
647,0.1667427429971347
648,0.22319125985823515
649,0.21242197671867724
650,0.20796529896164706
651,0.25396733962237367
652,0.1867991056647589
653,0.25382196962592496
654,0.16082592874292492
655,0.23265607791336165
656,0.19878318997888983
657,0.2155187848890106
658,0.19095324139875086
659,0.22301382291549984
660,0.22834446856845525
661,0.21512183315036154
662,0.22369465697009905
663,0.22834446856845525
664,0.18914093498102805
665,0.22842576155427521
666,0.21188058993552872
667,0.24493442200530757
668,0.24400942587168278
669,0.23611837105849373
670,0.26139830063823416
671,0.19595809808575076
672,0.1937984678268838
673,0.21295002111365305
674,0.23947770154842637
675,0.217104156847645
676,0.22384002696654773
677,0.20746190184978322
678,0.15616839589706913
679,0.20095500201559835
680,0.21977164474871777
681,0.1679824629316394
682,0.16581065089493094
683,0.19968353882940273
684,0.2155187848890106
685,0.2393596142733265
686,0.22369465697009905
687,0.2635701126749426
688,0.2219515399237305
689,0.22507974690105245
690,0.20796529896164706
691,0.2694869269291524
692,0.26389291961412664
693,0.21244662400178924
694,0.18818419559571228
695,0.26080915001020827
696,0.2629809620469168
697,0.23159379492159224
698,0.27588793871218137
699,0.24576062605635546
700,0.1981097755874653
701,0.24400942587168278
702,0.1950260059835469
703,0.27588793871218137
704,0.21927596888435352
705,0.22981085148522862
706,0.24400942587168278
707,0.2373580909929984
708,0.2042152631526591
709,0.2415122267269903
710,0.24307733376947893
711,0.18630342980039458
712,0.18405032477786615
713,0.24576062605635546
714,0.18090957413189795
715,0.24666543543721045
716,0.22842576155427521
717,0.2530230482962259
718,0.19821715591262934
719,0.24525722894449165
720,0.2708720168601058
721,0.24525722894449165
722,0.21977164474871777
723,0.2334428000191167
724,0.23668440512475417
725,0.20560481361395458
726,0.20746190184978322
727,0.24307733376947893
728,0.2219515399237305
729,0.16581065089493094
730,0.20777216512032104
731,0.2146184360384977
732,0.21792321271233794
733,0.22384002696654773
734,0.19960224584358277
735,0.18865619390058755
736,0.22245493703559432
737,0.22507974690105245
738,0.23572766573943837
739,0.2530352475201698
740,0.21010479468552004
741,0.20330776611579124
742,0.21425893041951197
743,0.16581065089493094
744,0.22301382291549984
745,0.18214929406640262
746,0.24307733376947893
747,0.21413369495805715
748,0.20588367807750374
749,0.24493442200530757
750,0.19878318997888983
751,0.21244662400178924
752,0.22972955849940865
753,0.2215228449333905
754,0.24666543543721045
755,0.24340071376980757
756,0.19364091605259356
757,0.21337871610399298
758,0.18914093498102805
759,0.17499275987768814
760,0.2415122267269903
761,0.19960224584358277
762,0.21295002111365305
763,0.2046928560467447
764,0.2393596142733265
765,0.2287852671732609
766,0.23293940290725287
767,0.2373580909929984
768,0.23934041469028183
769,0.19779505178658546
770,0.21010479468552004
771,0.23076759087054435
772,0.2412289017330991
773,0.2114898846164735
774,0.21927596888435352
775,0.2794448406798433
776,0.23158664673523732
777,0.23108231467142423
778,0.264955202605896
779,0.24400942587168278
780,0.2305975735909837
781,0.2160347256695207
782,0.21244662400178924
783,0.23874318092395183
784,0.1794740849178303
785,0.26731511489244386
786,0.27727302864313486
787,0.17997748202969416
788,0.21417763743369203
789,0.14250496187416975
790,0.2215228449333905
791,0.2629809620469168
792,0.21425893041951197
793,0.2146184360384977
794,0.2544081382271793
795,0.21413369495805715
796,0.195812728089302
797,0.23518627895628993
798,0.19971528208109363
799,0.22392578048270975
800,0.26278339056918754
801,0.2735280264256335
802,0.2114898846164735
803,0.20560481361395458
804,0.18214929406640262
805,0.2219515399237305
806,0.2023712916466213
807,0.2780597507488899
808,0.22842576155427521
809,0.21653812278138457
810,0.23159379492159224
811,0.2553200957943892
812,0.18164589695453878
813,0.24524914580618742
814,0.217104156847645
815,0.25314828375768067
816,0.17172031696278575
817,0.21413369495805715
818,0.21244662400178924
819,0.22661345513655243
820,0.23159379492159224
821,0.19595809808575076
822,0.24793243809306398
823,0.25165015758921644
824,0.20560035308361255
825,0.21526720314681028
826,0.1981097755874653
827,0.2114898846164735
828,0.2415122267269903
829,0.22384002696654773
830,0.23265607791336165
831,0.26278339056918754
832,0.2553200957943892
833,0.2046928560467447
834,0.1896443320928919
835,0.23017035710421435
836,0.2018553508661112
837,0.20560035308361255
838,0.21792321271233794
839,0.21792321271233794
840,0.2472314695034709
841,0.1981097755874653
842,0.2073560137986273
843,0.16082592874292492
844,0.2472314695034709
845,0.23265607791336165
846,0.24576062605635546
847,0.1667427429971347
848,0.21196188292134868
849,0.23885621716146263
850,0.18914093498102805
851,0.2373580909929984
852,0.22661345513655243
853,0.2794448406798433
854,0.17448936276582433
855,0.25942406007925484
856,0.23108231467142423
857,0.1822946640628514
858,0.22234755671043027
859,0.18405032477786615
860,0.2216287329845464
861,0.2407447042042799
862,0.22567698066738248
863,0.2146184360384977
864,0.17448936276582433
865,0.19102942202384535
866,0.2629809620469168
867,0.22507974690105245
868,0.2694869269291524
869,0.21244662400178924
870,0.21227660672222853
871,0.23249860430244723
872,0.1679824629316394
873,0.22290793486434393
874,0.21413369495805715
875,0.1580568829398864
876,0.26731511489244386
877,0.19364091605259356
878,0.2444624237004324
879,0.23020155680428392
880,0.22384002696654773
881,0.23572766573943837
882,0.2219515399237305
883,0.2530230482962259
884,0.1867991056647589
885,0.23750346098944713
886,0.24539451580263616
887,0.23249860430244723
888,0.23159379492159224
889,0.23934041469028183
890,0.20371186604079522
891,0.23198266352193708
892,0.20560035308361255
893,0.2708720168601058
894,0.23249860430244723
895,0.18914093498102805
896,0.25396733962237367
897,0.21417763743369203
898,0.156671793008933
899,0.19593796355075685
900,0.21792321271233794
901,0.18630342980039458
902,0.25797610535991683
903,0.17172031696278575
904,0.25797610535991683
905,0.20330776611579124
906,0.24525722894449165
907,0.23249860430244723
908,0.21650692308131497
909,0.2219515399237305
910,0.24576062605635546
911,0.156671793008933
912,0.24931752802401744
913,0.22507974690105245
914,0.20560481361395458
915,0.23934041469028183
916,0.23611837105849373
917,0.23657136888724334
918,0.24539451580263616
919,0.22369465697009905
920,0.24714571598730892
921,0.18353438399735605
922,0.24631951193626098
923,0.21413369495805715
924,0.23611837105849373
925,0.257064147792707
926,0.2023712916466213
927,0.1977137588007655
928,0.2508512362595174
929,0.21366169665318197
930,0.27588793871218137
931,0.18865619390058755
932,0.2219515399237305
933,0.2530352475201698
934,0.2472314695034709
935,0.2508512362595174
936,0.17448936276582433
937,0.2472314695034709
938,0.21337871610399298
939,0.18040617702003411
940,0.17033522703183235
941,0.21295002111365305
942,0.22384002696654773
943,0.22661345513655243
944,0.24539451580263616
945,0.2093503888926005
946,0.21103688678772384
947,0.2530230482962259
948,0.21653812278138457
949,0.21242197671867724
950,0.257064147792707
951,0.23017035710421435
952,0.2334428000191167
953,0.2522363261904708
954,0.21512183315036154
955,0.22754554723875622
956,0.19960224584358277
957,0.19095324139875086
958,0.23947770154842637
959,0.2484913239729695
960,0.1971978180202554
961,0.22567698066738248
962,0.2298425947369195
963,0.17997748202969416
964,0.19222024405460433
965,0.24931752802401744
966,0.1977137588007655
967,0.26080915001020827
968,0.22143559914322042
969,0.26731511489244386
970,0.2373580909929984
971,0.14250496187416975
972,0.17448936276582433
973,0.24666543543721045
974,0.20371186604079522
975,0.264955202605896
976,0.23718780223661798
977,0.19222024405460433
978,0.2629809620469168
979,0.2305975735909837
980,0.20512007253351408
981,0.2215228449333905
982,0.1763778498086416
983,0.22754554723875622
984,0.2305975735909837
985,0.2063870751893676
986,0.17172031696278575
987,0.1950260059835469
988,0.2143351110446065
989,0.24400942587168278
990,0.24742904098120014
991,0.2063870751893676
992,0.19996686382329393
993,0.2138821132158569
994,0.22799854506750586
995,0.22319125985823515
996,0.26731511489244386
997,0.2494032815401794
998,0.23572766573943837
999,0.20588367807750374
1000,0.1945730081547973
1001,0.23482788995007015
1002,0.2687002048233973
1003,0.23518627895628993
1004,0.21425893041951197
1005,0.19968353882940273
1006,0.1667427429971347
1007,0.17499275987768814
1008,0.21188058993552872
1009,0.22115673467967123
1010,0.2114898846164735
1011,0.18353438399735605
1012,0.23198266352193708
1013,0.2721429364946801
1014,0.23076759087054435
1015,0.1822946640628514
1016,0.2093503888926005
1017,0.20371186604079522
1018,0.18630342980039458
1019,0.25797610535991683
1020,0.2780597507488899
1021,0.2494032815401794
1022,0.19829844889844928
1023,0.2042152631526591
1024,0.20746190184978322
1025,0.17997748202969416
1026,0.24340071376980757
1027,0.22972955849940865
1028,0.19829844889844928
1029,0.19996686382329393
1030,0.23934041469028183
1031,0.23611837105849373
1032,0.1896443320928919
1033,0.22981085148522862
1034,0.18865619390058755
1035,0.18865619390058755
1036,0.2494032815401794
1037,0.26159587211596336
1038,0.18405032477786615
1039,0.17172031696278575
1040,0.1950260059835469
1041,0.2522363261904708
1042,0.26080915001020827
1043,0.23376560695830076
1044,0.2415122267269903
1045,0.1971978180202554
1046,0.2687002048233973
1047,0.2138821132158569
1048,0.1945730081547973
1049,0.24805052536816385
1050,0.24539451580263616
1051,0.234342575808485
1052,0.1945730081547973
1053,0.20796529896164706
1054,0.23376560695830076
1055,0.23572766573943837
1056,0.1726322745299957
1057,0.2215228449333905
1058,0.21242197671867724
1059,0.2178786971755585
1060,0.22834446856845525
1061,0.2298425947369195
1062,0.19960224584358277
1063,0.23076759087054435
1064,0.24793243809306398
1065,0.23874318092395183
1066,0.23293940290725287
1067,0.27727302864313486
1068,0.22567698066738248
1069,0.19878318997888983
1070,0.24539451580263616
1071,0.24742904098120014
1072,0.16581065089493094
1073,0.24524914580618742
1074,0.21366169665318197
1075,0.26159587211596336
1076,0.19687005565296065
1077,0.23885621716146263
1078,0.2192637871065119
1079,0.2155187848890106
1080,0.2373580909929984
1081,0.23572766573943837
1082,0.22392578048270975
1083,0.2735280264256335
1084,0.17448936276582433
1085,0.20095500201559835
1086,0.22981085148522862
1087,0.2780597507488899
1088,0.2004702609351578
1089,0.21650692308131497
1090,0.1950260059835469
1091,0.20330776611579124
1092,0.23017035710421435
1093,0.23857289216757144
1094,0.23017035710421435
1095,0.2535072458250451
1096,0.24666543543721045
1097,0.21326567986648212
1098,0.23611837105849373
1099,0.2298425947369195
1100,0.24524914580618742
1101,0.26731511489244386
1102,0.25942406007925484
1103,0.23020155680428392
1104,0.19829844889844928
1105,0.23934041469028183
1106,0.24663423573714083
1107,0.23984381180214565
1108,0.26080915001020827
1109,0.18413161776368608
1110,0.2530230482962259
1111,0.15616839589706913
1112,0.24539451580263616
1113,0.2305975735909837
1114,0.19779505178658546
1115,0.19960224584358277
1116,0.2412289017330991
1117,0.23020155680428392
1118,0.18136257196064756
1119,0.25396733962237367
1120,0.2082881059008311
1121,0.24400942587168278
1122,0.22101944782152666
1123,0.2143351110446065
1124,0.27727302864313486
1125,0.22319125985823515
1126,0.19222024405460433
1127,0.23668440512475417
1128,0.24742904098120014
1129,0.21244662400178924
1130,0.21977164474871777
1131,0.1971978180202554
1132,0.2553200957943892
1133,0.24525722894449165
1134,0.25942406007925484
1135,0.2082881059008311
1136,0.19102942202384535
1137,0.2780597507488899
1138,0.21010479468552004
1139,0.21337871610399298
1140,0.2334428000191167
1141,0.2004702609351578
1142,0.2415122267269903
1143,0.257064147792707
1144,0.23265607791336165
1145,0.1971978180202554
1146,0.23249860430244723
1147,0.18090957413189795
1148,0.23158664673523732
1149,0.18214929406640262
1150,0.2082881059008311
1151,0.2635701126749426
1152,0.21977164474871777
1153,0.23809261161747297
1154,0.1971978180202554
1155,0.19971528208109363
1156,0.18214929406640262
1157,0.23947770154842637
1158,0.17547750095812867
1159,0.2334428000191167
1160,0.1580568829398864
1161,0.24524914580618742
1162,0.2780597507488899
1163,0.20371186604079522
1164,0.25396733962237367
1165,0.2522363261904708
1166,0.24340071376980757
1167,0.27727302864313486
1168,0.20371186604079522
1169,0.23518627895628993
1170,0.23947770154842637
1171,0.25942406007925484
1172,0.23158664673523732
1173,0.22893063716970966
1174,0.234342575808485
1175,0.2694869269291524
1176,0.21337871610399298
1177,0.18090957413189795
1178,0.1580568829398864
1179,0.18818419559571228
1180,0.2552070595568783
1181,0.1822946640628514
1182,0.23668440512475417
1183,0.22799854506750586
1184,0.2412289017330991
1185,0.26080915001020827
1186,0.19095324139875086
1187,0.24631951193626098
1188,0.17997748202969416
1189,0.2393596142733265
1190,0.2178786971755585
1191,0.22891050263471577
1192,0.24201562383885422
1193,0.18630342980039458
1194,0.23108231467142423
1195,0.22392578048270975
1196,0.1896443320928919
1197,0.19095324139875086
1198,0.20371186604079522
1199,0.2063870751893676
1200,0.21512183315036154
1201,0.26278339056918754
1202,0.22754554723875622
1203,0.2298425947369195
1204,0.2093503888926005
1205,0.17499275987768814
1206,0.22384002696654773
1207,0.26731511489244386
1208,0.18353438399735605
1209,0.217104156847645
1210,0.2334428000191167
1211,0.19364091605259356
1212,0.27588793871218137
1213,0.22392578048270975
1214,0.2535072458250451
1215,0.18090957413189795
1216,0.19878318997888983
1217,0.2415122267269903
1218,0.23841541855665704
1219,0.20796529896164706
1220,0.23934041469028183
1221,0.2735280264256335
1222,0.2552070595568783
1223,0.20560035308361255
1224,0.19878318997888983
1225,0.2794448406798433
1226,0.2046928560467447
1227,0.22384002696654773
1228,0.17448936276582433
1229,0.17033522703183235
1230,0.27727302864313486
1231,0.25165015758921644
1232,0.22842576155427521
1233,0.2544081382271793
1234,0.2415122267269903
1235,0.2073560137986273
1236,0.2143351110446065
1237,0.18630342980039458
1238,0.24201562383885422
1239,0.19004843201789587
1240,0.17499275987768814
1241,0.20371186604079522
1242,0.22799854506750586
1243,0.2378994777761469
1244,0.2178786971755585
1245,0.23668440512475417
1246,0.17547750095812867
1247,0.24525722894449165
1248,0.21526720314681028
1249,0.22754554723875622
1250,0.2219515399237305
1251,0.271356214388925
1252,0.21196188292134868
1253,0.23718780223661798
1254,0.1667427429971347
1255,0.20777216512032104
1256,0.18136257196064756
1257,0.23017035710421435
1258,0.2042152631526591
1259,0.25942406007925484
1260,0.19878318997888983
1261,0.27727302864313486
1262,0.19968353882940273
1263,0.21196188292134868
1264,0.24805052536816385
1265,0.27727302864313486
1266,0.23947770154842637
1267,0.2046928560467447
1268,0.17172031696278575
1269,0.2018553508661112
1270,0.1971978180202554
1271,0.18914093498102805
1272,0.19968353882940273
1273,0.17997748202969416
1274,0.19095324139875086
1275,0.20560035308361255
1276,0.15616839589706913
1277,0.17997748202969416
1278,0.25165015758921644
1279,0.2155187848890106
1280,0.17547750095812867
1281,0.2412289017330991
1282,0.22234755671043027
1283,0.2780597507488899
1284,0.2334428000191167
1285,0.22784879270409095
1286,0.18630342980039458
1287,0.2219515399237305
1288,0.2708720168601058
1289,0.26139830063823416
1290,0.23265607791336165
1291,0.21337871610399298
1292,0.22784879270409095
1293,0.25567905786175354
1294,0.22754554723875622
1295,0.23376560695830076
1296,0.20588367807750374
1297,0.27727302864313486
1298,0.16082592874292492
1299,0.22005050921226696
1300,0.21643074245622046
1301,0.23885621716146263
1302,0.2219515399237305
1303,0.2046928560467447
1304,0.23076759087054435
1305,0.26278339056918754
1306,0.2415122267269903
1307,0.22115673467967123
1308,0.16082592874292492
1309,0.23947770154842637
1310,0.24742904098120014
1311,0.23482788995007015
1312,0.21927596888435352
1313,0.22290793486434393
1314,0.26278339056918754
1315,0.26080915001020827
1316,0.24666543543721045
1317,0.25396733962237367
1318,0.18630342980039458
1319,0.2093503888926005
1320,0.22392578048270975
1321,0.26080915001020827
1322,0.21643074245622046
1323,0.25396733962237367
1324,0.24631951193626098
1325,0.22842576155427521
1326,0.2412289017330991
1327,0.22245493703559432
1328,0.26159587211596336
1329,0.1794740849178303
1330,0.18630342980039458
1331,0.1822946640628514
1332,0.23293940290725287
1333,0.2553200957943892
1334,0.16581065089493094
1335,0.2378994777761469
1336,0.22143559914322042
1337,0.22319125985823515
1338,0.26139830063823416
1339,0.17448936276582433
1340,0.23934041469028183
1341,0.21334697285230209
1342,0.23572766573943837
1343,0.18136257196064756
1344,0.14250496187416975
1345,0.2143351110446065
1346,0.24201562383885422
1347,0.2063870751893676
1348,0.2287852671732609
1349,0.24666543543721045
1350,0.21977164474871777
1351,0.19821715591262934
1352,0.23482788995007015
1353,0.22143559914322042
1354,0.22319125985823515
1355,0.24400942587168278
1356,0.21295002111365305
1357,0.23874318092395183
1358,0.19971528208109363
1359,0.23108231467142423
1360,0.23198266352193708
1361,0.18136257196064756
1362,0.23108231467142423
1363,0.22115673467967123
1364,0.23572766573943837
1365,0.2160347256695207
1366,0.1726322745299957
1367,0.264955202605896
1368,0.22101944782152666
1369,0.1822946640628514
1370,0.2407447042042799
1371,0.2138821132158569
1372,0.22784879270409095
1373,0.1937984678268838
1374,0.20560481361395458
1375,0.22891050263471577
1376,0.22143559914322042
1377,0.16581065089493094
1378,0.21337871610399298
1379,0.1945730081547973
1380,0.21512183315036154
1381,0.2530352475201698
1382,0.1896443320928919
1383,0.23158664673523732
1384,0.2004702609351578
1385,0.2374833264544532
1386,0.1977137588007655
1387,0.22115673467967123
1388,0.2219515399237305
1389,0.18090957413189795
1390,0.22384002696654773
1391,0.23572766573943837
1392,0.14250496187416975
1393,0.19364091605259356
1394,0.2073560137986273
1395,0.22567698066738248
1396,0.22234755671043027
1397,0.19878318997888983
1398,0.20330776611579124
1399,0.271356214388925
1400,0.21366169665318197
1401,0.18413161776368608
1402,0.22981085148522862
1403,0.24493442200530757
1404,0.18914093498102805
1405,0.2143351110446065
1406,0.234342575808485
1407,0.2708720168601058
1408,0.23874318092395183
1409,0.21103688678772384
1410,0.1822946640628514
1411,0.20796529896164706
1412,0.2508512362595174
1413,0.20650516246446748
1414,0.217104156847645
1415,0.19878318997888983
1416,0.2629809620469168
1417,0.1977137588007655
1418,0.23611837105849373
1419,0.22005050921226696
1420,0.2535072458250451
1421,0.23668440512475417
1422,0.2694869269291524
1423,0.20746190184978322
1424,0.21366169665318197
1425,0.21643074245622046
1426,0.156671793008933
1427,0.1679824629316394
1428,0.264955202605896
1429,0.22981085148522862
1430,0.22981085148522862
1431,0.18865619390058755
1432,0.271356214388925
1433,0.19878318997888983
1434,0.23482788995007015
1435,0.2412289017330991
1436,0.20560035308361255
1437,0.20952782583533577
1438,0.18136257196064756
1439,0.22301382291549984
1440,0.26389291961412664
1441,0.27588793871218137
1442,0.17547750095812867
1443,0.21103688678772384
1444,0.19971528208109363
1445,0.2544081382271793
1446,0.24525722894449165
1447,0.2298425947369195
1448,0.20796529896164706
1449,0.24524914580618742
1450,0.2544081382271793
1451,0.2287852671732609
1452,0.22567698066738248
1453,0.20371186604079522
1454,0.2708720168601058
1455,0.23718780223661798
1456,0.26159587211596336
1457,0.22972955849940865
1458,0.25580429332320836
1459,0.1679824629316394
1460,0.16082592874292492
1461,0.22842576155427521
1462,0.24666543543721045
1463,0.23017035710421435
1464,0.2023712916466213
1465,0.2305975735909837
1466,0.24493442200530757
1467,0.24307733376947893
1468,0.20512007253351408
1469,0.23657136888724334
1470,0.23076759087054435
1471,0.18353438399735605
1472,0.20560481361395458
1473,0.2694869269291524
1474,0.2494032815401794
1475,0.22384002696654773
1476,0.1822946640628514
1477,0.23265607791336165
1478,0.22245493703559432
1479,0.20777216512032104
1480,0.2192637871065119
1481,0.23885621716146263
1482,0.21366169665318197
1483,0.2160347256695207
1484,0.18405032477786615
1485,0.24576062605635546
1486,0.19095324139875086
1487,0.1794740849178303
1488,0.20588367807750374
1489,0.1977137588007655
1490,0.26731511489244386
1491,0.15616839589706913
1492,0.20952782583533577
1493,0.20746190184978322
1494,0.23934041469028183
1495,0.19971528208109363
1496,0.20588367807750374
1497,0.2042152631526591
1498,0.156671793008933
1499,0.22369465697009905
1500,0.19595809808575076
1501,0.27588793871218137
1502,0.18865619390058755
1503,0.2553200957943892
1504,0.23159379492159224
1505,0.22017574467372183
1506,0.21425893041951197
1507,0.19971528208109363
1508,0.22754554723875622
1509,0.2472314695034709
1510,0.21326567986648212
1511,0.21792321271233794
1512,0.25165015758921644
1513,0.16581065089493094
1514,0.22519278313856328
1515,0.22981085148522862
1516,0.2530230482962259
1517,0.156671793008933
1518,0.2192637871065119
1519,0.1679824629316394
1520,0.23809261161747297
1521,0.1937984678268838
1522,0.21512183315036154
1523,0.2082881059008311
1524,0.22245493703559432
1525,0.2444624237004324
1526,0.19222024405460433
1527,0.25314828375768067
1528,0.22101944782152666
1529,0.22290793486434393
1530,0.21334697285230209
1531,0.2522363261904708
1532,0.21337871610399298
1533,0.1822946640628514
1534,0.2143351110446065
1535,0.264955202605896
1536,0.18353438399735605
1537,0.19222024405460433
1538,0.19996686382329393
1539,0.27588793871218137
1540,0.17172031696278575
1541,0.2780597507488899
1542,0.21512183315036154
1543,0.24201562383885422
1544,0.23376560695830076
1545,0.26080915001020827
1546,0.19821715591262934
1547,0.26389291961412664
1548,0.2552070595568783
1549,0.22893063716970966
1550,0.2287852671732609
1551,0.18164589695453878
1552,0.27727302864313486
1553,0.23020155680428392
1554,0.17448936276582433
1555,0.22519278313856328
1556,0.1867991056647589
1557,0.2215228449333905
1558,0.16082592874292492
1559,0.22245493703559432
1560,0.15616839589706913
1561,0.2694869269291524
1562,0.23076759087054435
1563,0.18865619390058755
1564,0.2687002048233973
1565,0.2522363261904708
1566,0.24663423573714083
1567,0.22319125985823515
1568,0.25382196962592496
1569,0.2553200957943892
1570,0.2373580909929984
1571,0.1679824629316394
1572,0.156671793008933
1573,0.22319125985823515
1574,0.18164589695453878
1575,0.2508512362595174
1576,0.24524914580618742
1577,0.19595809808575076
1578,0.2073560137986273
1579,0.18818419559571228
1580,0.24663423573714083
1581,0.26731511489244386
1582,0.1945730081547973
1583,0.24525722894449165
1584,0.23874318092395183
1585,0.18164589695453878
1586,0.1667427429971347
1587,0.21977164474871777
1588,0.26997112445797156
1589,0.23482788995007015
1590,0.2415122267269903
1591,0.18630342980039458
1592,0.23249860430244723
1593,0.1896443320928919
1594,0.17997748202969416
1595,0.24400942587168278
1596,0.19593796355075685
1597,0.1667427429971347
1598,0.25567905786175354
1599,0.22392578048270975
1600,0.2138821132158569
1601,0.23159379492159224
1602,0.25489233575599846
1603,0.24663423573714083
1604,0.19004843201789587
1605,0.20512007253351408
1606,0.20560481361395458
1607,0.23934041469028183
1608,0.20588367807750374
1609,0.1867991056647589
1610,0.21512183315036154
1611,0.23265607791336165
1612,0.18630342980039458
1613,0.22784879270409095
1614,0.18630342980039458
1615,0.20095500201559835
1616,0.25489233575599846
1617,0.2018553508661112
1618,0.2004702609351578
1619,0.22799854506750586
1620,0.21927596888435352
1621,0.2721429364946801
1622,0.23249860430244723
1623,0.22005050921226696
1624,0.19004128383154098
1625,0.2138821132158569
1626,0.17547750095812867
1627,0.23657136888724334
1628,0.23518627895628993
1629,0.20777216512032104
1630,0.2508512362595174
1631,0.2023712916466213
1632,0.21417763743369203
1633,0.2407447042042799
1634,0.2415122267269903
1635,0.20330776611579124
1636,0.14250496187416975
1637,0.26731511489244386
1638,0.18136257196064756
1639,0.24793243809306398
1640,0.18914093498102805
1641,0.23611837105849373
1642,0.2472314695034709
1643,0.21196188292134868
1644,0.24742904098120014
1645,0.23668440512475417
1646,0.2494032815401794
1647,0.20560035308361255
1648,0.22567698066738248
1649,0.24714571598730892
1650,0.21425893041951197
1651,0.23198266352193708
1652,0.20330776611579124
1653,0.1977137588007655
1654,0.18164589695453878
1655,0.1726322745299957
1656,0.17547750095812867
1657,0.24493442200530757
1658,0.25580429332320836
1659,0.2192637871065119
1660,0.25580429332320836
1661,0.22384002696654773
1662,0.24307733376947893
1663,0.2378994777761469
1664,0.21927596888435352
1665,0.2018553508661112
1666,0.19687005565296065
1667,0.24805052536816385
1668,0.19968353882940273
1669,0.18914093498102805
1670,0.24201562383885422
1671,0.2508512362595174
1672,0.2160347256695207
1673,0.19687005565296065
1674,0.21413369495805715
1675,0.2287852671732609
1676,0.23127098798240822
1677,0.2407447042042799
1678,0.17997748202969416
1679,0.2114898846164735
1680,0.19004128383154098
1681,0.21653812278138457
1682,0.2544081382271793
1683,0.18405032477786615
1684,0.2160347256695207
1685,0.1896443320928919
1686,0.20952782583533577
1687,0.17448936276582433
1688,0.22567698066738248
1689,0.2708720168601058
1690,0.1971978180202554
1691,0.1950260059835469
1692,0.17448936276582433
1693,0.25942406007925484
1694,0.16581065089493094
1695,0.22799854506750586
1696,0.20330776611579124
1697,0.22369465697009905
1698,0.24307733376947893
1699,0.2494032815401794
1700,0.21196188292134868
1701,0.24539451580263616
1702,0.257064147792707
1703,0.23611837105849373
1704,0.20746190184978322
1705,0.22245493703559432
1706,0.22784879270409095
1707,0.22834446856845525
1708,0.21242197671867724
1709,0.2216287329845464
1710,0.2412289017330991
1711,0.2694869269291524
1712,0.20650516246446748
1713,0.23572766573943837
1714,0.19878318997888983
1715,0.2522363261904708
1716,0.22245493703559432
1717,0.2407447042042799
1718,0.26159587211596336
1719,0.22567698066738248
1720,0.2004702609351578
1721,0.20952782583533577
1722,0.23108231467142423
1723,0.2219515399237305
1724,0.22290793486434393
1725,0.1896443320928919
1726,0.26080915001020827
1727,0.25942406007925484
1728,0.2004702609351578
1729,0.1794740849178303
1730,0.19878318997888983
1731,0.17172031696278575
1732,0.23158664673523732
1733,0.22661345513655243
1734,0.20560481361395458
1735,0.2780597507488899
1736,0.20560481361395458
1737,0.2298425947369195
1738,0.2160347256695207
1739,0.2396551384911617
1740,0.15616839589706913
1741,0.2794448406798433
1742,0.2407447042042799
1743,0.20588367807750374
1744,0.19878318997888983
1745,0.23934041469028183
1746,0.23020155680428392
1747,0.21103688678772384
1748,0.2472314695034709
1749,0.24714571598730892
1750,0.23376560695830076
1751,0.21326567986648212
1752,0.21334697285230209
1753,0.195812728089302
1754,0.24524914580618742
1755,0.2063870751893676
1756,0.23841541855665704
1757,0.2114898846164735
1758,0.17172031696278575
1759,0.20796529896164706
1760,0.22319125985823515
1761,0.18818419559571228
1762,0.21242197671867724
1763,0.2160347256695207
1764,0.17448936276582433
1765,0.25567905786175354
1766,0.26139830063823416
1767,0.2407447042042799
1768,0.17172031696278575
1769,0.17547750095812867
1770,0.2287852671732609
1771,0.26159587211596336
1772,0.18214929406640262
1773,0.21653812278138457
1774,0.23017035710421435
1775,0.19996686382329393
1776,0.23293940290725287
1777,0.2412289017330991
1778,0.27588793871218137
1779,0.20512007253351408
1780,0.19960224584358277
1781,0.19968353882940273
1782,0.23668440512475417
1783,0.18405032477786615
1784,0.21366169665318197
1785,0.22893063716970966
1786,0.22234755671043027
1787,0.22101944782152666
1788,0.271356214388925
1789,0.21653812278138457
1790,0.27727302864313486
1791,0.19971528208109363
1792,0.2042152631526591
1793,0.21512183315036154
1794,0.21512183315036154
1795,0.18865619390058755
1796,0.2143351110446065
1797,0.18040617702003411
1798,0.2553200957943892
1799,0.19102942202384535
1800,0.25382196962592496
1801,0.23158664673523732
1802,0.1867991056647589
1803,0.26731511489244386
1804,0.23934041469028183
1805,0.23108231467142423
1806,0.18413161776368608
1807,0.23518627895628993
1808,0.2535072458250451
1809,0.24805052536816385
1810,0.24307733376947893
1811,0.21103688678772384
1812,0.2374833264544532
1813,0.21334697285230209
1814,0.20560035308361255
1815,0.2412289017330991
1816,0.21337871610399298
1817,0.25396733962237367
1818,0.2114898846164735
1819,0.2780597507488899
1820,0.2298425947369195
1821,0.2023712916466213
1822,0.1971978180202554
1823,0.22661345513655243
1824,0.17547750095812867
1825,0.2146184360384977
1826,0.21103688678772384
1827,0.17448936276582433
1828,0.26389291961412664
1829,0.23934041469028183
1830,0.18630342980039458
1831,0.23874318092395183
1832,0.2530230482962259
1833,0.1679824629316394
1834,0.18914093498102805
1835,0.17499275987768814
1836,0.24539451580263616
1837,0.1667427429971347
1838,0.26159587211596336
1839,0.27727302864313486
1840,0.17033522703183235
1841,0.19960224584358277
1842,0.2412289017330991
1843,0.23482788995007015
1844,0.2216287329845464
1845,0.20560481361395458
1846,0.18818419559571228
1847,0.24307733376947893
1848,0.24493442200530757
1849,0.20371186604079522
1850,0.2216287329845464
1851,0.20588367807750374
1852,0.2484913239729695
1853,0.23947770154842637
1854,0.24400942587168278
1855,0.2396551384911617
1856,0.22567698066738248
1857,0.23611837105849373
1858,0.24714571598730892
1859,0.19095324139875086
1860,0.18090957413189795
1861,0.19364091605259356
1862,0.20512007253351408
1863,0.21413369495805715
1864,0.19004128383154098
1865,0.25314828375768067
1866,0.21643074245622046
1867,0.18136257196064756
1868,0.23718780223661798
1869,0.21366169665318197
1870,0.23718780223661798
1871,0.22981085148522862
1872,0.24525722894449165
1873,0.1896443320928919
1874,0.22101944782152666
1875,0.1896443320928919
1876,0.2287852671732609
1877,0.20952782583533577
1878,0.23108231467142423
1879,0.20746190184978322
1880,0.24524914580618742
1881,0.22799854506750586
1882,0.2535072458250451
1883,0.1667427429971347
1884,0.23611837105849373
1885,0.2444624237004324
1886,0.22972955849940865
1887,0.2287852671732609
1888,0.24666543543721045
1889,0.21643074245622046
1890,0.25797610535991683
1891,0.2155187848890106
1892,0.2216287329845464
1893,0.1667427429971347
1894,0.2042152631526591
1895,0.22567698066738248
1896,0.17033522703183235
1897,0.17033522703183235
1898,0.23934041469028183
1899,0.23668440512475417
1900,0.19364091605259356
1901,0.25314828375768067
1902,0.2794448406798433
1903,0.26997112445797156
1904,0.26278339056918754
1905,0.24524914580618742
1906,0.21927596888435352
1907,0.2365143878451935
1908,0.24525722894449165
1909,0.22981085148522862
1910,0.22981085148522862
1911,0.2192637871065119
1912,0.22017574467372183
1913,0.22101944782152666
1914,0.20095500201559835
1915,0.26389291961412664
1916,0.2219515399237305
1917,0.19004843201789587
1918,0.23885621716146263
1919,0.1822946640628514
1920,0.20952782583533577
1921,0.2494032815401794
1922,0.22384002696654773
1923,0.21650692308131497
1924,0.21650692308131497
1925,0.24931752802401744
1926,0.21366169665318197
1927,0.17033522703183235
1928,0.22799854506750586
1929,0.20512007253351408
1930,0.2138821132158569
1931,0.20650516246446748
1932,0.22834446856845525
1933,0.2374833264544532
1934,0.2415122267269903
1935,0.22005050921226696
1936,0.234342575808485
1937,0.2063870751893676
1938,0.2544081382271793
1939,0.2215228449333905
1940,0.17499275987768814
1941,0.20512007253351408
1942,0.23611837105849373
1943,0.20095500201559835
1944,0.2530352475201698
1945,0.23984381180214565
1946,0.22891050263471577
1947,0.2535072458250451
1948,0.2393596142733265
1949,0.24524914580618742
1950,0.26389291961412664
1951,0.22301382291549984
1952,0.257064147792707
1953,0.19004843201789587
1954,0.1867991056647589
1955,0.24714571598730892
1956,0.21927596888435352
1957,0.2629809620469168
1958,0.18405032477786615
1959,0.1981097755874653
1960,0.23108231467142423
1961,0.2694869269291524
1962,0.18214929406640262
1963,0.23482788995007015
1964,0.2508512362595174
1965,0.24201562383885422
1966,0.2219515399237305
1967,0.2046928560467447
1968,0.22834446856845525
1969,0.264955202605896
1970,0.19971528208109363
1971,0.2412289017330991
1972,0.24340071376980757
1973,0.19102942202384535
1974,0.1763778498086416
1975,0.17997748202969416
1976,0.20777216512032104
1977,0.21526720314681028
1978,0.25489233575599846
1979,0.21227660672222853
1980,0.21242197671867724
1981,0.2374833264544532
1982,0.27727302864313486
1983,0.20330776611579124
1984,0.2042152631526591
1985,0.2018553508661112
1986,0.2046928560467447
1987,0.19779505178658546
1988,0.23265607791336165
1989,0.24307733376947893
1990,0.2629809620469168
1991,0.18090957413189795
1992,0.2178786971755585
1993,0.2046928560467447
1994,0.24525722894449165
1995,0.22301382291549984
1996,0.2522363261904708
1997,0.23750346098944713
1998,0.2393596142733265
1999,0.2530352475201698
2000,0.21337871610399298
2001,0.2114898846164735
2002,0.18405032477786615
2003,0.24524914580618742
2004,0.22290793486434393
2005,0.1971978180202554
2006,0.23809261161747297
2007,0.25567905786175354
2008,0.23159379492159224
2009,0.23984381180214565
2010,0.24714571598730892
2011,0.23482788995007015
2012,0.19595809808575076
2013,0.2093503888926005
2014,0.2530230482962259
2015,0.1896443320928919
2016,0.21366169665318197
2017,0.23482788995007015
2018,0.23841541855665704
2019,0.21526720314681028
2020,0.25258224969142024
2021,0.2093503888926005
2022,0.24576062605635546
2023,0.23750346098944713
2024,0.20777216512032104
2025,0.18818419559571228
2026,0.2093503888926005
2027,0.2708720168601058
2028,0.2530230482962259
2029,0.21337871610399298
2030,0.19996686382329393
2031,0.17033522703183235
2032,0.17499275987768814
2033,0.22101944782152666
2034,0.2216287329845464
2035,0.22893063716970966
2036,0.21643074245622046
2037,0.2494032815401794
2038,0.1971978180202554
2039,0.24805052536816385
2040,0.22384002696654773
2041,0.23572766573943837
2042,0.23841541855665704
2043,0.22834446856845525
2044,0.18914093498102805
2045,0.24931752802401744
2046,0.2530230482962259
2047,0.22981085148522862
2048,0.24576062605635546
2049,0.20650516246446748
2050,0.23750346098944713
2051,0.22101944782152666
2052,0.22392578048270975
2053,0.24340071376980757
2054,0.21337871610399298
2055,0.22834446856845525
2056,0.21792321271233794
2057,0.24663423573714083
2058,0.21425893041951197
2059,0.2780597507488899
2060,0.26731511489244386
2061,0.1945730081547973
2062,0.21188058993552872
2063,0.2373580909929984
2064,0.24524914580618742
2065,0.23984381180214565
2066,0.24663423573714083
2067,0.24714571598730892
2068,0.20330776611579124
2069,0.21188058993552872
2070,0.217104156847645
2071,0.1937984678268838
2072,0.22784879270409095
2073,0.19364091605259356
2074,0.217104156847645
2075,0.23518627895628993
2076,0.22143559914322042
2077,0.23076759087054435
2078,0.21326567986648212
2079,0.20330776611579124
2080,0.2444624237004324
2081,0.23159379492159224
2082,0.20095500201559835
2083,0.20650516246446748
2084,0.22290793486434393
2085,0.22507974690105245
2086,0.16581065089493094
2087,0.2143351110446065
2088,0.1822946640628514
2089,0.27727302864313486
2090,0.2393596142733265
2091,0.19593796355075685
2092,0.17499275987768814
2093,0.18136257196064756
2094,0.23482788995007015
2095,0.2553200957943892
2096,0.25489233575599846
2097,0.18413161776368608
2098,0.22143559914322042
2099,0.2365143878451935
2100,0.2373580909929984
2101,0.24493442200530757
2102,0.234342575808485
2103,0.19779505178658546
2104,0.20777216512032104
2105,0.21295002111365305
2106,0.19968353882940273
2107,0.18818419559571228
2108,0.20588367807750374
2109,0.18865619390058755
2110,0.1977137588007655
2111,0.2373580909929984
2112,0.22799854506750586
2113,0.24793243809306398
2114,0.18214929406640262
2115,0.24576062605635546
2116,0.26997112445797156
2117,0.234342575808485
2118,0.24539451580263616
2119,0.25942406007925484
2120,0.1679824629316394
2121,0.19222024405460433
2122,0.2114898846164735
2123,0.22017574467372183
2124,0.22245493703559432
2125,0.19996686382329393
2126,0.26159587211596336
2127,0.19364091605259356
2128,0.24805052536816385
2129,0.22842576155427521
2130,0.21653812278138457
2131,0.20650516246446748
2132,0.25567905786175354
2133,0.22290793486434393
2134,0.20746190184978322
2135,0.2146184360384977
2136,0.21227660672222853
2137,0.195812728089302
2138,0.2082881059008311
2139,0.23809261161747297
2140,0.1794740849178303
2141,0.2287852671732609
2142,0.2298425947369195
2143,0.21334697285230209
2144,0.27727302864313486
2145,0.22842576155427521
2146,0.19004128383154098
2147,0.23249860430244723
2148,0.21653812278138457
2149,0.22017574467372183
2150,0.21366169665318197
2151,0.19222024405460433
2152,0.22245493703559432
2153,0.25797610535991683
2154,0.2042152631526591
2155,0.2393596142733265
2156,0.2484913239729695
2157,0.22519278313856328
2158,0.2378994777761469
2159,0.23984381180214565
2160,0.19364091605259356
2161,0.23947770154842637
2162,0.21413369495805715
2163,0.17033522703183235
2164,0.18090957413189795
2165,0.23127098798240822
2166,0.19878318997888983
2167,0.2046928560467447
2168,0.264955202605896
2169,0.22893063716970966
2170,0.22017574467372183
2171,0.23518627895628993
2172,0.23265607791336165
2173,0.24742904098120014
2174,0.2373580909929984
2175,0.26997112445797156
2176,0.2444624237004324
2177,0.26159587211596336
2178,0.2146184360384977
2179,0.2694869269291524
2180,0.2635701126749426
2181,0.1971978180202554
2182,0.21188058993552872
2183,0.2780597507488899
2184,0.21526720314681028
2185,0.2415122267269903
2186,0.21103688678772384
2187,0.24524914580618742
2188,0.24400942587168278
2189,0.2553200957943892
2190,0.2004702609351578
2191,0.22981085148522862
2192,0.22143559914322042
2193,0.2530230482962259
2194,0.2508512362595174
2195,0.22981085148522862
2196,0.21417763743369203
2197,0.24793243809306398
2198,0.2042152631526591
2199,0.23572766573943837
2200,0.2042152631526591
2201,0.2046928560467447
2202,0.18040617702003411
2203,0.21366169665318197
2204,0.20746190184978322
2205,0.21977164474871777
2206,0.19593796355075685
2207,0.2018553508661112
2208,0.2178786971755585
2209,0.19364091605259356
2210,0.21326567986648212
2211,0.27727302864313486
2212,0.20560481361395458
2213,0.21417763743369203
2214,0.1794740849178303
2215,0.24663423573714083
2216,0.21526720314681028
2217,0.217104156847645
2218,0.17499275987768814
2219,0.21526720314681028
2220,0.2042152631526591
2221,0.21413369495805715
2222,0.20095500201559835
2223,0.27727302864313486
2224,0.23265607791336165
2225,0.22842576155427521
2226,0.21196188292134868
2227,0.23017035710421435
2228,0.25489233575599846
2229,0.22290793486434393
2230,0.2544081382271793
2231,0.21927596888435352
2232,0.2687002048233973
2233,0.22301382291549984
2234,0.22519278313856328
2235,0.18630342980039458
2236,0.20330776611579124
2237,0.25567905786175354
2238,0.18136257196064756
2239,0.19095324139875086
2240,0.23947770154842637
2241,0.1580568829398864
2242,0.20777216512032104
2243,0.1971978180202554
2244,0.22893063716970966
2245,0.2215228449333905
2246,0.26139830063823416
2247,0.19687005565296065
2248,0.19960224584358277
2249,0.26139830063823416
2250,0.21425893041951197
2251,0.2530230482962259
2252,0.2178786971755585
2253,0.22369465697009905
2254,0.2494032815401794
2255,0.16581065089493094
2256,0.1981097755874653
2257,0.24400942587168278
2258,0.23885621716146263
2259,0.22143559914322042
2260,0.21103688678772384
2261,0.16581065089493094
2262,0.24805052536816385
2263,0.2230209711018548
2264,0.19829844889844928
2265,0.17499275987768814
2266,0.20330776611579124
2267,0.2617211075774182
2268,0.23265607791336165
2269,0.22891050263471577
2270,0.18136257196064756
2271,0.24663423573714083
2272,0.23376560695830076
2273,0.19878318997888983
2274,0.24307733376947893
2275,0.20746190184978322
2276,0.19593796355075685
2277,0.15616839589706913
2278,0.21643074245622046
2279,0.2694869269291524
2280,0.19102942202384535
2281,0.24493442200530757
2282,0.2552070595568783
2283,0.271356214388925
2284,0.2018553508661112
2285,0.17033522703183235
2286,0.23158664673523732
2287,0.19222024405460433
2288,0.21425893041951197
2289,0.23657136888724334
2290,0.19878318997888983
2291,0.19779505178658546
2292,0.19996686382329393
2293,0.19004843201789587
2294,0.20796529896164706
2295,0.2216287329845464
2296,0.21650692308131497
2297,0.2629809620469168
2298,0.19004128383154098
2299,0.2287852671732609
2300,0.2522363261904708
2301,0.19593796355075685
2302,0.22507974690105245
2303,0.2374833264544532
2304,0.18164589695453878
2305,0.2530352475201698
2306,0.17033522703183235
2307,0.24539451580263616
2308,0.21512183315036154
2309,0.21413369495805715
2310,0.22384002696654773
2311,0.2023712916466213
2312,0.2146184360384977
2313,0.2178786971755585
2314,0.2444624237004324
2315,0.2082881059008311
2316,0.26080915001020827
2317,0.2508512362595174
2318,0.21188058993552872
2319,0.2484913239729695
2320,0.2063870751893676
2321,0.2396551384911617
2322,0.2687002048233973
2323,0.22784879270409095
2324,0.21366169665318197
2325,0.14250496187416975
2326,0.2143351110446065
2327,0.23017035710421435
2328,0.25942406007925484
2329,0.1981097755874653
2330,0.24400942587168278
2331,0.2396551384911617
2332,0.2216287329845464
2333,0.23947770154842637
2334,0.1822946640628514
2335,0.2046928560467447
2336,0.19878318997888983
2337,0.23874318092395183
2338,0.1950260059835469
2339,0.17547750095812867
2340,0.1794740849178303
2341,0.2412289017330991
2342,0.2160347256695207
2343,0.23158664673523732
2344,0.2635701126749426
2345,0.18164589695453878
2346,0.24307733376947893
2347,0.21413369495805715
2348,0.27588793871218137
2349,0.19996686382329393
2350,0.2178786971755585
2351,0.217104156847645
2352,0.20330776611579124
2353,0.25580429332320836
2354,0.2365143878451935
2355,0.26731511489244386
2356,0.2063870751893676
2357,0.21334697285230209
2358,0.2508512362595174
2359,0.1794740849178303
2360,0.24400942587168278
2361,0.2687002048233973
2362,0.23885621716146263
2363,0.20650516246446748
2364,0.2063870751893676
2365,0.24663423573714083
2366,0.22567698066738248
2367,0.17448936276582433
2368,0.2305975735909837
2369,0.23611837105849373
2370,0.2494032815401794
2371,0.21010479468552004
2372,0.22319125985823515
2373,0.24663423573714083
2374,0.2334428000191167
2375,0.2365143878451935
2376,0.2694869269291524
2377,0.25797610535991683
2378,0.25258224969142024
2379,0.20371186604079522
2380,0.19004843201789587
2381,0.2216287329845464
2382,0.19004128383154098
2383,0.18865619390058755
2384,0.21526720314681028
2385,0.22507974690105245
2386,0.19996686382329393
2387,0.1867991056647589
2388,0.2230209711018548
2389,0.22369465697009905
2390,0.21512183315036154
2391,0.23518627895628993
2392,0.2393596142733265
2393,0.23127098798240822
2394,0.21010479468552004
2395,0.21196188292134868
2396,0.1977137588007655
2397,0.19004128383154098
2398,0.24307733376947893
2399,0.2004702609351578
2400,0.1822946640628514
2401,0.23668440512475417
2402,0.24931752802401744
2403,0.19004843201789587
2404,0.22369465697009905
2405,0.27727302864313486
2406,0.18914093498102805
2407,0.21927596888435352
2408,0.26278339056918754
2409,0.22891050263471577
2410,0.1867991056647589
2411,0.23108231467142423
2412,0.16581065089493094
2413,0.22754554723875622
2414,0.257064147792707
2415,0.18040617702003411
2416,0.2444624237004324
2417,0.19095324139875086
2418,0.24524914580618742
2419,0.23020155680428392
2420,0.20588367807750374
2421,0.2794448406798433
2422,0.26080915001020827
2423,0.2694869269291524
2424,0.2305975735909837
2425,0.2138821132158569
2426,0.17033522703183235
2427,0.1950260059835469
2428,0.2216287329845464
2429,0.1679824629316394
2430,0.2412289017330991
2431,0.19687005565296065
2432,0.24714571598730892
2433,0.18630342980039458
2434,0.23668440512475417
2435,0.2629809620469168
2436,0.17033522703183235
2437,0.21242197671867724
2438,0.20560481361395458
2439,0.19829844889844928
2440,0.23293940290725287
2441,0.21792321271233794
2442,0.264955202605896
2443,0.22981085148522862
2444,0.16082592874292492
2445,0.2687002048233973
2446,0.22799854506750586
2447,0.22754554723875622
2448,0.19878318997888983
2449,0.2444624237004324
2450,0.1794740849178303
2451,0.26731511489244386
2452,0.20777216512032104
2453,0.24539451580263616
2454,0.2708720168601058
2455,0.1896443320928919
2456,0.19004128383154098
2457,0.26997112445797156
2458,0.24714571598730892
2459,0.2508512362595174
2460,0.2629809620469168
2461,0.20560035308361255
2462,0.22245493703559432
2463,0.24742904098120014
2464,0.21010479468552004
2465,0.2042152631526591
2466,0.22834446856845525
2467,0.21196188292134868
2468,0.2093503888926005
2469,0.19821715591262934
2470,0.20512007253351408
2471,0.2472314695034709
2472,0.21417763743369203
2473,0.2687002048233973
2474,0.22842576155427521
2475,0.25580429332320836
2476,0.25942406007925484
2477,0.2535072458250451
2478,0.19095324139875086
2479,0.1981097755874653
2480,0.2305975735909837
2481,0.1679824629316394
2482,0.23158664673523732
2483,0.2018553508661112
2484,0.20512007253351408
2485,0.17997748202969416
2486,0.22392578048270975
2487,0.24793243809306398
2488,0.22784879270409095
2489,0.2138821132158569
2490,0.2178786971755585
2491,0.2004702609351578
2492,0.20330776611579124
2493,0.2396551384911617
2494,0.22369465697009905
2495,0.195812728089302
2496,0.18405032477786615
2497,0.27727302864313486
2498,0.2143351110446065
2499,0.2046928560467447
2500,0.2334428000191167
2501,0.22301382291549984
2502,0.16082592874292492
2503,0.26159587211596336
2504,0.22392578048270975
2505,0.2374833264544532
2506,0.19821715591262934
2507,0.21010479468552004
2508,0.22567698066738248
2509,0.2305975735909837
2510,0.21366169665318197
2511,0.21512183315036154
2512,0.2287852671732609
2513,0.2305975735909837
2514,0.1679824629316394
2515,0.2687002048233973
2516,0.21366169665318197
2517,0.2530352475201698
2518,0.2143351110446065
2519,0.21188058993552872
2520,0.23482788995007015
2521,0.2018553508661112
2522,0.195812728089302
2523,0.24931752802401744
2524,0.24663423573714083
2525,0.18353438399735605
2526,0.20650516246446748
2527,0.2635701126749426
2528,0.2230209711018548
2529,0.19593796355075685
2530,0.22661345513655243
2531,0.23265607791336165
2532,0.21334697285230209
2533,0.22891050263471577
2534,0.2393596142733265
2535,0.24539451580263616
2536,0.2146184360384977
2537,0.17448936276582433
2538,0.21417763743369203
2539,0.21188058993552872
2540,0.2082881059008311
2541,0.1981097755874653
2542,0.2192637871065119
2543,0.21650692308131497
2544,0.19593796355075685
2545,0.2484913239729695
2546,0.23611837105849373
2547,0.1667427429971347
2548,0.2378994777761469
2549,0.1937984678268838
2550,0.24539451580263616
2551,0.22972955849940865
2552,0.20560481361395458
2553,0.2378994777761469
2554,0.20371186604079522
2555,0.22519278313856328
2556,0.21227660672222853
2557,0.2042152631526591
2558,0.17448936276582433
2559,0.23017035710421435
2560,0.23984381180214565
2561,0.2004702609351578
2562,0.2215228449333905
2563,0.24742904098120014
2564,0.23984381180214565
2565,0.2042152631526591
2566,0.22507974690105245
2567,0.20095500201559835
2568,0.2138821132158569
2569,0.17997748202969416
2570,0.26139830063823416
2571,0.2472314695034709
2572,0.26389291961412664
2573,0.25165015758921644
2574,0.20796529896164706
2575,0.2629809620469168
2576,0.2735280264256335
2577,0.18865619390058755
2578,0.24493442200530757
2579,0.19779505178658546
2580,0.2192637871065119
2581,0.21512183315036154
2582,0.26997112445797156
2583,0.2553200957943892
2584,0.22143559914322042
2585,0.24524914580618742
2586,0.2160347256695207
2587,0.21334697285230209
2588,0.2046928560467447
2589,0.21196188292134868
2590,0.26159587211596336
2591,0.21196188292134868
2592,0.2552070595568783
2593,0.21526720314681028
2594,0.2617211075774182
2595,0.23718780223661798
2596,0.22972955849940865
2597,0.22290793486434393
2598,0.24493442200530757
2599,0.24631951193626098
2600,0.22567698066738248
2601,0.1981097755874653
2602,0.23020155680428392
2603,0.1822946640628514
2604,0.2216287329845464
2605,0.2373580909929984
2606,0.21650692308131497
2607,0.23668440512475417
2608,0.22245493703559432
2609,0.2365143878451935
2610,0.24742904098120014
2611,0.21512183315036154
2612,0.24666543543721045
2613,0.23885621716146263
2614,0.2219515399237305
2615,0.2407447042042799
2616,0.24663423573714083
2617,0.27588793871218137
2618,0.24493442200530757
2619,0.2530230482962259
2620,0.195812728089302
2621,0.19004843201789587
2622,0.1822946640628514
2623,0.2552070595568783
2624,0.22290793486434393
2625,0.2093503888926005
2626,0.17547750095812867
2627,0.23127098798240822
2628,0.26278339056918754
2629,0.20746190184978322
2630,0.20746190184978322
2631,0.22143559914322042
2632,0.20588367807750374
2633,0.20746190184978322
2634,0.2629809620469168
2635,0.2073560137986273
2636,0.23376560695830076
2637,0.2415122267269903
2638,0.1726322745299957
2639,0.2365143878451935
2640,0.23572766573943837
2641,0.23076759087054435
2642,0.2780597507488899
2643,0.2093503888926005
2644,0.19595809808575076
2645,0.2143351110446065
2646,0.2374833264544532
2647,0.2484913239729695
2648,0.2365143878451935
2649,0.195812728089302
2650,0.24631951193626098
2651,0.2073560137986273
2652,0.2160347256695207
2653,0.2219515399237305
2654,0.26997112445797156
2655,0.2407447042042799
2656,0.2192637871065119
2657,0.2215228449333905
2658,0.23017035710421435
2659,0.21337871610399298
2660,0.26731511489244386
2661,0.18914093498102805
2662,0.2138821132158569
2663,0.24666543543721045
2664,0.23857289216757144
2665,0.25314828375768067
2666,0.20095500201559835
2667,0.2484913239729695
2668,0.1950260059835469
2669,0.1937984678268838
2670,0.24525722894449165
2671,0.22507974690105245
2672,0.1950260059835469
2673,0.20560035308361255
2674,0.17033522703183235
2675,0.1794740849178303
2676,0.21103688678772384
2677,0.2138821132158569
2678,0.2687002048233973
2679,0.23108231467142423
2680,0.19996686382329393
2681,0.2374833264544532
2682,0.1726322745299957
2683,0.21653812278138457
2684,0.21242197671867724
2685,0.19779505178658546
2686,0.19595809808575076
2687,0.21337871610399298
2688,0.21326567986648212
2689,0.23885621716146263
2690,0.2305975735909837
2691,0.25567905786175354
2692,0.2305975735909837
2693,0.24400942587168278
2694,0.2138821132158569
2695,0.19004843201789587
2696,0.2508512362595174
2697,0.2687002048233973
2698,0.21653812278138457
2699,0.25942406007925484
2700,0.271356214388925
2701,0.19222024405460433
2702,0.24201562383885422
2703,0.18040617702003411
2704,0.2472314695034709
2705,0.24793243809306398
2706,0.2146184360384977
2707,0.19364091605259356
2708,0.22507974690105245
2709,0.21927596888435352
2710,0.22891050263471577
2711,0.20588367807750374
2712,0.16581065089493094
2713,0.21295002111365305
2714,0.21650692308131497
2715,0.17997748202969416
2716,0.23611837105849373
2717,0.25396733962237367
2718,0.24793243809306398
2719,0.20512007253351408
2720,0.1867991056647589
2721,0.22392578048270975
2722,0.2553200957943892
2723,0.24663423573714083
2724,0.23841541855665704
2725,0.1977137588007655
2726,0.2535072458250451
2727,0.23947770154842637
2728,0.2415122267269903
2729,0.20560035308361255
2730,0.23020155680428392
2731,0.2522363261904708
2732,0.20796529896164706
2733,0.21337871610399298
2734,0.22017574467372183
2735,0.25797610535991683
2736,0.1945730081547973
2737,0.26389291961412664
2738,0.2530230482962259
2739,0.2544081382271793
2740,0.2365143878451935
2741,0.23857289216757144
2742,0.21425893041951197
2743,0.2373580909929984
2744,0.2530230482962259
2745,0.24805052536816385
2746,0.1763778498086416
2747,0.21977164474871777
2748,0.21326567986648212
2749,0.1763778498086416
2750,0.23718780223661798
2751,0.20095500201559835
2752,0.19829844889844928
2753,0.2373580909929984
2754,0.25165015758921644
2755,0.2365143878451935
2756,0.21366169665318197
2757,0.2138821132158569
2758,0.21650692308131497
2759,0.21643074245622046
2760,0.23158664673523732
2761,0.20560481361395458
2762,0.2635701126749426
2763,0.20952782583533577
2764,0.1580568829398864
2765,0.2396551384911617
2766,0.24201562383885422
2767,0.2373580909929984
2768,0.21927596888435352
2769,0.23159379492159224
2770,0.217104156847645
2771,0.19593796355075685
2772,0.23809261161747297
2773,0.20560035308361255
2774,0.17448936276582433
2775,0.23518627895628993
2776,0.2635701126749426
2777,0.19102942202384535
2778,0.2146184360384977
2779,0.24742904098120014
2780,0.2192637871065119
2781,0.18353438399735605
2782,0.21334697285230209
2783,0.21977164474871777
2784,0.20650516246446748
2785,0.23020155680428392
2786,0.22784879270409095
2787,0.24524914580618742
2788,0.2334428000191167
2789,0.21643074245622046
2790,0.21792321271233794
2791,0.2544081382271793
2792,0.1580568829398864
2793,0.2093503888926005
2794,0.20796529896164706
2795,0.22834446856845525
2796,0.21792321271233794
2797,0.18413161776368608
2798,0.22754554723875622
2799,0.23809261161747297
2800,0.27588793871218137
2801,0.19595809808575076
2802,0.2415122267269903
2803,0.23947770154842637
2804,0.1667427429971347
2805,0.22519278313856328
2806,0.2082881059008311
2807,0.1977137588007655
2808,0.20777216512032104
2809,0.19821715591262934
2810,0.1726322745299957
2811,0.24524914580618742
2812,0.2407447042042799
2813,0.21227660672222853
2814,0.21792321271233794
2815,0.21103688678772384
2816,0.19821715591262934
2817,0.19004128383154098
2818,0.2155187848890106
2819,0.2374833264544532
2820,0.2708720168601058
2821,0.24340071376980757
2822,0.2230209711018548
2823,0.2018553508661112
2824,0.23750346098944713
2825,0.2160347256695207
2826,0.20512007253351408
2827,0.25396733962237367
2828,0.23249860430244723
2829,0.22834446856845525
2830,0.22507974690105245
2831,0.1981097755874653
2832,0.24493442200530757
2833,0.2042152631526591
2834,0.21650692308131497
2835,0.16082592874292492
2836,0.25942406007925484
2837,0.23657136888724334
2838,0.22369465697009905
2839,0.2004702609351578
2840,0.14250496187416975
2841,0.21244662400178924
2842,0.26389291961412664
2843,0.2687002048233973
2844,0.1794740849178303
2845,0.22507974690105245
2846,0.1794740849178303
2847,0.23249860430244723
2848,0.1981097755874653
2849,0.19595809808575076
2850,0.2708720168601058
2851,0.16082592874292492
2852,0.22301382291549984
2853,0.217104156847645
2854,0.2305975735909837
2855,0.24742904098120014
2856,0.2544081382271793
2857,0.1580568829398864
2858,0.24931752802401744
2859,0.25567905786175354
2860,0.14250496187416975
2861,0.23657136888724334
2862,0.2373580909929984
2863,0.22842576155427521
2864,0.21196188292134868
2865,0.20330776611579124
2866,0.26389291961412664
2867,0.2215228449333905
2868,0.21417763743369203
2869,0.23572766573943837
2870,0.25567905786175354
2871,0.2374833264544532
2872,0.2694869269291524
2873,0.21653812278138457
2874,0.2215228449333905
2875,0.2415122267269903
2876,0.2018553508661112
2877,0.18630342980039458
2878,0.22245493703559432
2879,0.271356214388925
2880,0.2708720168601058
2881,0.2472314695034709
2882,0.2219515399237305
2883,0.21512183315036154
2884,0.18914093498102805
2885,0.19971528208109363
2886,0.24525722894449165
2887,0.14250496187416975
2888,0.19222024405460433
2889,0.21334697285230209
2890,0.2412289017330991
2891,0.27727302864313486
2892,0.2393596142733265
2893,0.1679824629316394
2894,0.2192637871065119
2895,0.22784879270409095
2896,0.2412289017330991
2897,0.24524914580618742
2898,0.1867991056647589
2899,0.19095324139875086
2900,0.195812728089302
2901,0.2484913239729695
2902,0.18214929406640262
2903,0.22245493703559432
2904,0.19821715591262934
2905,0.22784879270409095
2906,0.22754554723875622
2907,0.24631951193626098
2908,0.23198266352193708
2909,0.19004843201789587
2910,0.2794448406798433
2911,0.2794448406798433
2912,0.24631951193626098
2913,0.21512183315036154
2914,0.23841541855665704
2915,0.27727302864313486
2916,0.21295002111365305
2917,0.15616839589706913
2918,0.2018553508661112
2919,0.19829844889844928
2920,0.22319125985823515
2921,0.257064147792707
2922,0.1981097755874653
2923,0.22754554723875622
2924,0.2023712916466213
2925,0.16581065089493094
2926,0.24576062605635546
2927,0.21242197671867724
2928,0.24742904098120014
2929,0.24539451580263616
2930,0.19996686382329393
2931,0.22301382291549984
2932,0.2635701126749426
2933,0.23020155680428392
2934,0.21643074245622046
2935,0.19102942202384535
2936,0.22115673467967123
2937,0.18405032477786615
2938,0.1971978180202554
2939,0.24340071376980757
2940,0.24793243809306398
2941,0.22519278313856328
2942,0.23809261161747297
2943,0.24710623404201607
2944,0.2146184360384977
2945,0.20777216512032104
2946,0.2794448406798433
2947,0.22290793486434393
2948,0.2374833264544532
2949,0.22384002696654773
2950,0.2396551384911617
2951,0.17499275987768814
2952,0.22567698066738248
2953,0.1667427429971347
2954,0.2063870751893676
2955,0.24539451580263616
2956,0.2635701126749426
2957,0.24805052536816385
2958,0.18164589695453878
2959,0.17033522703183235
2960,0.23885621716146263
2961,0.23482788995007015
2962,0.19878318997888983
2963,0.22754554723875622
2964,0.18164589695453878
2965,0.18164589695453878
2966,0.19095324139875086
2967,0.2378994777761469
2968,0.23611837105849373
2969,0.21188058993552872
2970,0.21792321271233794
2971,0.21334697285230209
2972,0.2444624237004324
2973,0.2735280264256335
2974,0.1822946640628514
2975,0.21188058993552872
2976,0.21196188292134868
2977,0.21425893041951197
2978,0.23841541855665704
2979,0.21417763743369203
2980,0.20952782583533577
2981,0.24710623404201607
2982,0.26080915001020827
2983,0.27727302864313486
2984,0.26997112445797156
2985,0.2082881059008311
2986,0.20512007253351408
2987,0.24576062605635546
2988,0.22319125985823515
2989,0.22834446856845525
2990,0.2018553508661112
2991,0.21512183315036154
2992,0.2216287329845464
2993,0.21927596888435352
2994,0.27588793871218137
2995,0.22301382291549984
2996,0.23108231467142423
2997,0.17033522703183235
2998,0.2093503888926005
2999,0.19968353882940273
3000,0.19102942202384535
3001,0.25396733962237367
3002,0.2160347256695207
3003,0.20746190184978322
3004,0.23017035710421435
3005,0.2178786971755585
3006,0.2305975735909837
3007,0.2553200957943892
3008,0.23376560695830076
3009,0.23017035710421435
3010,0.20512007253351408
3011,0.2530230482962259
3012,0.21326567986648212
3013,0.22834446856845525
3014,0.14250496187416975
3015,0.21792321271233794
3016,0.2365143878451935
3017,0.2396551384911617
3018,0.2444624237004324
3019,0.23482788995007015
3020,0.23668440512475417
3021,0.2046928560467447
3022,0.26080915001020827
3023,0.1937984678268838
3024,0.2780597507488899
3025,0.195812728089302
3026,0.2042152631526591
3027,0.15616839589706913
3028,0.25489233575599846
3029,0.2508512362595174
3030,0.2378994777761469
3031,0.19821715591262934
3032,0.2708720168601058
3033,0.21227660672222853
3034,0.1763778498086416
3035,0.20952782583533577
3036,0.21792321271233794
3037,0.234342575808485
3038,0.1945730081547973
3039,0.19996686382329393
3040,0.23572766573943837
3041,0.26278339056918754
3042,0.18818419559571228
3043,0.23934041469028183
3044,0.2794448406798433
3045,0.25942406007925484
3046,0.25580429332320836
3047,0.1937984678268838
3048,0.2635701126749426
3049,0.1896443320928919
3050,0.2378994777761469
3051,0.2230209711018548
3052,0.20746190184978322
3053,0.2535072458250451
3054,0.20650516246446748
3055,0.19364091605259356
3056,0.27727302864313486
3057,0.22301382291549984
3058,0.23198266352193708
3059,0.156671793008933
3060,0.2472314695034709
3061,0.26278339056918754
3062,0.21334697285230209
3063,0.1950260059835469
3064,0.2494032815401794
3065,0.257064147792707
3066,0.21512183315036154
3067,0.2334428000191167
3068,0.1679824629316394
3069,0.2138821132158569
3070,0.26139830063823416
3071,0.21977164474871777
3072,0.2063870751893676
3073,0.17547750095812867
3074,0.23841541855665704
3075,0.22567698066738248
3076,0.25580429332320836
3077,0.25942406007925484
3078,0.2378994777761469
3079,0.20796529896164706
3080,0.156671793008933
3081,0.22290793486434393
3082,0.24663423573714083
3083,0.24307733376947893
3084,0.21425893041951197
3085,0.22290793486434393
3086,0.22661345513655243
3087,0.23572766573943837
3088,0.22754554723875622
3089,0.25580429332320836
3090,0.2544081382271793
3091,0.26159587211596336
3092,0.1763778498086416
3093,0.26139830063823416
3094,0.2023712916466213
3095,0.21653812278138457
3096,0.17997748202969416
3097,0.2635701126749426
3098,0.23934041469028183
3099,0.2378994777761469
3100,0.2552070595568783
3101,0.22005050921226696
3102,0.21512183315036154
3103,0.21196188292134868
3104,0.22842576155427521
3105,0.23947770154842637
3106,0.1937984678268838
3107,0.23518627895628993
3108,0.2373580909929984
3109,0.24793243809306398
3110,0.23159379492159224
3111,0.17499275987768814
3112,0.19968353882940273
3113,0.21792321271233794
3114,0.2494032815401794
3115,0.2415122267269903
3116,0.1981097755874653
3117,0.2544081382271793
3118,0.1945730081547973
3119,0.2374833264544532
3120,0.1950260059835469
3121,0.19779505178658546
3122,0.2484913239729695
3123,0.24340071376980757
3124,0.1981097755874653
3125,0.2374833264544532
3126,0.1950260059835469
3127,0.2635701126749426
3128,0.25580429332320836
3129,0.22384002696654773
3130,0.21653812278138457
3131,0.2146184360384977
3132,0.19878318997888983
3133,0.2287852671732609
3134,0.1763778498086416
3135,0.21242197671867724
3136,0.24793243809306398
3137,0.18413161776368608
3138,0.1867991056647589
3139,0.2472314695034709
3140,0.2708720168601058
3141,0.22290793486434393
3142,0.21366169665318197
3143,0.16581065089493094
3144,0.1763778498086416
3145,0.23668440512475417
3146,0.26389291961412664
3147,0.21417763743369203
3148,0.23947770154842637
3149,0.23482788995007015
3150,0.19102942202384535
3151,0.23249860430244723
3152,0.20560035308361255
3153,0.22567698066738248
3154,0.19222024405460433
3155,0.1981097755874653
3156,0.27588793871218137
3157,0.18630342980039458
3158,0.19829844889844928
3159,0.23611837105849373
3160,0.21244662400178924
3161,0.2374833264544532
3162,0.1726322745299957
3163,0.22519278313856328
3164,0.23376560695830076
3165,0.1679824629316394
3166,0.21010479468552004
3167,0.2374833264544532
3168,0.18818419559571228
3169,0.16082592874292492
3170,0.23934041469028183
3171,0.217104156847645
3172,0.22519278313856328
3173,0.23572766573943837
3174,0.18353438399735605
3175,0.17172031696278575
3176,0.24631951193626098
3177,0.217104156847645
3178,0.1981097755874653
3179,0.18136257196064756
3180,0.2046928560467447
3181,0.19095324139875086
3182,0.21196188292134868
3183,0.2484913239729695
3184,0.1981097755874653
3185,0.23874318092395183
3186,0.1971978180202554
3187,0.2415122267269903
3188,0.19004843201789587
3189,0.2484913239729695
3190,0.2046928560467447
3191,0.1937984678268838
3192,0.1981097755874653
3193,0.2508512362595174
3194,0.21295002111365305
3195,0.19960224584358277
3196,0.18914093498102805
3197,0.22784879270409095
3198,0.23947770154842637
3199,0.20777216512032104
3200,0.25489233575599846
3201,0.26139830063823416
3202,0.21295002111365305
3203,0.26731511489244386
3204,0.2215228449333905
3205,0.17997748202969416
3206,0.23874318092395183
3207,0.24524914580618742
3208,0.25580429332320836
3209,0.23718780223661798
3210,0.18865619390058755
3211,0.24631951193626098
3212,0.2216287329845464
3213,0.271356214388925
3214,0.2334428000191167
3215,0.1945730081547973
3216,0.22290793486434393
3217,0.1937984678268838
3218,0.22891050263471577
3219,0.21792321271233794
3220,0.2629809620469168
3221,0.24525722894449165
3222,0.26139830063823416
3223,0.24201562383885422
3224,0.22799854506750586
3225,0.25580429332320836
3226,0.22972955849940865
3227,0.20746190184978322
3228,0.2530352475201698
3229,0.20746190184978322
3230,0.25489233575599846
3231,0.24400942587168278
3232,0.2694869269291524
3233,0.25567905786175354
3234,0.21244662400178924
3235,0.19595809808575076
3236,0.19996686382329393
3237,0.18090957413189795
3238,0.23934041469028183
3239,0.2544081382271793
3240,0.24524914580618742
3241,0.2484913239729695
3242,0.1580568829398864
3243,0.18413161776368608
3244,0.23668440512475417
3245,0.1679824629316394
3246,0.2378994777761469
3247,0.19878318997888983
3248,0.18214929406640262
3249,0.26159587211596336
3250,0.21977164474871777
3251,0.24539451580263616
3252,0.24631951193626098
3253,0.21977164474871777
3254,0.2530230482962259
3255,0.23376560695830076
3256,0.22754554723875622
3257,0.14250496187416975
3258,0.16082592874292492
3259,0.20512007253351408
3260,0.23874318092395183
3261,0.1867991056647589
3262,0.2073560137986273
3263,0.2305975735909837
3264,0.19996686382329393
3265,0.23947770154842637
3266,0.22384002696654773
3267,0.2694869269291524
3268,0.17448936276582433
3269,0.2544081382271793
3270,0.2378994777761469
3271,0.22842576155427521
3272,0.22784879270409095
3273,0.20952782583533577
3274,0.2415122267269903
3275,0.20560035308361255
3276,0.21326567986648212
3277,0.21010479468552004
3278,0.23158664673523732
3279,0.17448936276582433
3280,0.2073560137986273
3281,0.26731511489244386
3282,0.23108231467142423
3283,0.2178786971755585
3284,0.2305975735909837
3285,0.2535072458250451
3286,0.1667427429971347
3287,0.18865619390058755
3288,0.1981097755874653
3289,0.21413369495805715
3290,0.22392578048270975
3291,0.23076759087054435
3292,0.22245493703559432
3293,0.21337871610399298
3294,0.22245493703559432
3295,0.22567698066738248
3296,0.16082592874292492
3297,0.22392578048270975
3298,0.2508512362595174
3299,0.2552070595568783
3300,0.20560035308361255
3301,0.21653812278138457
3302,0.20952782583533577
3303,0.19593796355075685
3304,0.26278339056918754
3305,0.1822946640628514
3306,0.23076759087054435
3307,0.24400942587168278
3308,0.1950260059835469
3309,0.22834446856845525
3310,0.22143559914322042
3311,0.23376560695830076
3312,0.23158664673523732
3313,0.2373580909929984
3314,0.2552070595568783
3315,0.271356214388925
3316,0.2114898846164735
3317,0.2155187848890106
3318,0.21334697285230209
3319,0.23108231467142423
3320,0.21337871610399298
3321,0.26997112445797156
3322,0.2004702609351578
3323,0.2374833264544532
3324,0.23108231467142423
3325,0.19968353882940273
3326,0.21242197671867724
3327,0.23518627895628993
3328,0.20746190184978322
3329,0.18630342980039458
3330,0.24931752802401744
3331,0.23572766573943837
3332,0.2508512362595174
3333,0.21242197671867724
3334,0.26139830063823416
3335,0.2522363261904708
3336,0.22319125985823515
3337,0.2494032815401794
3338,0.22661345513655243
3339,0.23076759087054435
3340,0.24525722894449165
3341,0.2146184360384977
3342,0.18405032477786615
3343,0.20560035308361255
3344,0.24805052536816385
3345,0.24307733376947893
3346,0.24805052536816385
3347,0.26278339056918754
3348,0.18164589695453878
3349,0.2444624237004324
3350,0.21103688678772384
3351,0.24539451580263616
3352,0.2553200957943892
3353,0.26080915001020827
3354,0.24201562383885422
3355,0.21196188292134868
3356,0.22507974690105245
3357,0.1937984678268838
3358,0.195812728089302
3359,0.20777216512032104
3360,0.25382196962592496
3361,0.22101944782152666
3362,0.2298425947369195
3363,0.23198266352193708
3364,0.23198266352193708
3365,0.23017035710421435
3366,0.19095324139875086
3367,0.2160347256695207
3368,0.21227660672222853
3369,0.24524914580618742
3370,0.2215228449333905
3371,0.22507974690105245
3372,0.1679824629316394
3373,0.21425893041951197
3374,0.22369465697009905
3375,0.14250496187416975
3376,0.271356214388925
3377,0.19004843201789587
3378,0.24793243809306398
3379,0.25942406007925484
3380,0.21295002111365305
3381,0.18818419559571228
3382,0.2192637871065119
3383,0.23158664673523732
3384,0.2552070595568783
3385,0.2530230482962259
3386,0.27588793871218137
3387,0.2042152631526591
3388,0.2042152631526591
3389,0.18405032477786615
3390,0.2023712916466213
3391,0.26731511489244386
3392,0.2444624237004324
3393,0.2073560137986273
3394,0.2305975735909837
3395,0.19687005565296065
3396,0.19364091605259356
3397,0.21417763743369203
3398,0.19960224584358277
3399,0.2412289017330991
3400,0.1794740849178303
3401,0.2093503888926005
3402,0.26278339056918754
3403,0.2444624237004324
3404,0.23017035710421435
3405,0.24931752802401744
3406,0.2018553508661112
3407,0.19821715591262934
3408,0.2552070595568783
3409,0.2522363261904708
3410,0.22784879270409095
3411,0.18214929406640262
3412,0.22519278313856328
3413,0.18405032477786615
3414,0.22143559914322042
3415,0.26139830063823416
3416,0.2553200957943892
3417,0.23482788995007015
3418,0.22115673467967123
3419,0.16082592874292492
3420,0.22893063716970966
3421,0.20796529896164706
3422,0.17033522703183235
3423,0.21326567986648212
3424,0.21103688678772384
3425,0.21413369495805715
3426,0.2082881059008311
3427,0.19364091605259356
3428,0.21650692308131497
3429,0.25382196962592496
3430,0.1726322745299957
3431,0.23809261161747297
3432,0.1971978180202554
3433,0.25797610535991683
3434,0.18090957413189795
3435,0.21425893041951197
3436,0.25489233575599846
3437,0.23874318092395183
3438,0.22661345513655243
3439,0.21188058993552872
3440,0.2215228449333905
3441,0.264955202605896
3442,0.2138821132158569
3443,0.17448936276582433
3444,0.23158664673523732
3445,0.19996686382329393
3446,0.27727302864313486
3447,0.1971978180202554
3448,0.21244662400178924
3449,0.26159587211596336
3450,0.22754554723875622
3451,0.21526720314681028
3452,0.22143559914322042
3453,0.19004128383154098
3454,0.2530352475201698
3455,0.234342575808485
3456,0.2230209711018548
3457,0.2219515399237305
3458,0.1977137588007655
3459,0.16581065089493094
3460,0.17547750095812867
3461,0.19593796355075685
3462,0.19687005565296065
3463,0.24710623404201607
3464,0.21792321271233794
3465,0.20588367807750374
3466,0.23265607791336165
3467,0.23198266352193708
3468,0.22799854506750586
3469,0.2535072458250451
3470,0.26389291961412664
3471,0.1667427429971347
3472,0.271356214388925
3473,0.22784879270409095
3474,0.20777216512032104
3475,0.21295002111365305
3476,0.26080915001020827
3477,0.19779505178658546
3478,0.2694869269291524
3479,0.21188058993552872
3480,0.21244662400178924
3481,0.26159587211596336
3482,0.16581065089493094
3483,0.21927596888435352
3484,0.2305975735909837
3485,0.2694869269291524
3486,0.18865619390058755
3487,0.21526720314681028
3488,0.2780597507488899
3489,0.2018553508661112
3490,0.2155187848890106
3491,0.24714571598730892
3492,0.2415122267269903
3493,0.23611837105849373
3494,0.1971978180202554
3495,0.24714571598730892
3496,0.23657136888724334
3497,0.1763778498086416
3498,0.2042152631526591
3499,0.17997748202969416
3500,0.19996686382329393
3501,0.22234755671043027
3502,0.27727302864313486
3503,0.2735280264256335
3504,0.24631951193626098
3505,0.25314828375768067
3506,0.19364091605259356
3507,0.19222024405460433
3508,0.2617211075774182
3509,0.17547750095812867
3510,0.2444624237004324
3511,0.24525722894449165
3512,0.1794740849178303
3513,0.21643074245622046
3514,0.17033522703183235
3515,0.2192637871065119
3516,0.2415122267269903
3517,0.25797610535991683
3518,0.19878318997888983
3519,0.1971978180202554
3520,0.1667427429971347
3521,0.2230209711018548
3522,0.15616839589706913
3523,0.23265607791336165
3524,0.20777216512032104
3525,0.23947770154842637
3526,0.21650692308131497
3527,0.271356214388925
3528,0.257064147792707
3529,0.23611837105849373
3530,0.22834446856845525
3531,0.22842576155427521
3532,0.25165015758921644
3533,0.18865619390058755
3534,0.2023712916466213
3535,0.2373580909929984
3536,0.21927596888435352
3537,0.2046928560467447
3538,0.25314828375768067
3539,0.26080915001020827
3540,0.19102942202384535
3541,0.1981097755874653
3542,0.22507974690105245
3543,0.23017035710421435
3544,0.18405032477786615
3545,0.23376560695830076
3546,0.1726322745299957
3547,0.2393596142733265
3548,0.21242197671867724
3549,0.21526720314681028
3550,0.22384002696654773
3551,0.2219515399237305
3552,0.24539451580263616
3553,0.2708720168601058
3554,0.22519278313856328
3555,0.18164589695453878
3556,0.22972955849940865
3557,0.20330776611579124
3558,0.23108231467142423
3559,0.2721429364946801
3560,0.23657136888724334
3561,0.15616839589706913
3562,0.2393596142733265
3563,0.22234755671043027
3564,0.2552070595568783
3565,0.25165015758921644
3566,0.2494032815401794
3567,0.19779505178658546
3568,0.25258224969142024
3569,0.23750346098944713
3570,0.2535072458250451
3571,0.14250496187416975
3572,0.18353438399735605
3573,0.19595809808575076
3574,0.20095500201559835
3575,0.19779505178658546
3576,0.2484913239729695
3577,0.27727302864313486
3578,0.20588367807750374
3579,0.25258224969142024
3580,0.2287852671732609
3581,0.23874318092395183
3582,0.25165015758921644
3583,0.2298425947369195
3584,0.20560035308361255
3585,0.25396733962237367
3586,0.19960224584358277
3587,0.21326567986648212
3588,0.21643074245622046
3589,0.22234755671043027
3590,0.2143351110446065
3591,0.21334697285230209
3592,0.19960224584358277
3593,0.24742904098120014
3594,0.2721429364946801
3595,0.2114898846164735
3596,0.26080915001020827
3597,0.20588367807750374
3598,0.21512183315036154
3599,0.18413161776368608
3600,0.2230209711018548
3601,0.22893063716970966
3602,0.17448936276582433
3603,0.2687002048233973
3604,0.23885621716146263
3605,0.2407447042042799
3606,0.2305975735909837
3607,0.22799854506750586
3608,0.2219515399237305
3609,0.2508512362595174
3610,0.22384002696654773
3611,0.26997112445797156
3612,0.18214929406640262
3613,0.22143559914322042
3614,0.19364091605259356
3615,0.21413369495805715
3616,0.1981097755874653
3617,0.2018553508661112
3618,0.2082881059008311
3619,0.2617211075774182
3620,0.25258224969142024
3621,0.23198266352193708
3622,0.22507974690105245
3623,0.2373580909929984
3624,0.22799854506750586
3625,0.2530230482962259
3626,0.2114898846164735
3627,0.24307733376947893
3628,0.2635701126749426
3629,0.1822946640628514
3630,0.1977137588007655
3631,0.2042152631526591
3632,0.20952782583533577
3633,0.2178786971755585
3634,0.23657136888724334
3635,0.2219515399237305
3636,0.2143351110446065
3637,0.20746190184978322
3638,0.24400942587168278
3639,0.2042152631526591
3640,0.23158664673523732
3641,0.17033522703183235
3642,0.2046928560467447
3643,0.17448936276582433
3644,0.21010479468552004
3645,0.20777216512032104
3646,0.2114898846164735
3647,0.20095500201559835
3648,0.2160347256695207
3649,0.25165015758921644
3650,0.24663423573714083
3651,0.14250496187416975
3652,0.22661345513655243
3653,0.19996686382329393
3654,0.26080915001020827
3655,0.21927596888435352
3656,0.18914093498102805
3657,0.23249860430244723
3658,0.25580429332320836
3659,0.18090957413189795
3660,0.22891050263471577
3661,0.18405032477786615
3662,0.23249860430244723
3663,0.19960224584358277
3664,0.217104156847645
3665,0.2794448406798433
3666,0.21010479468552004
3667,0.25797610535991683
3668,0.2412289017330991
3669,0.21188058993552872
3670,0.19968353882940273
3671,0.20095500201559835
3672,0.26139830063823416
3673,0.2146184360384977
3674,0.23482788995007015
3675,0.22301382291549984
3676,0.25165015758921644
3677,0.22369465697009905
3678,0.19095324139875086
3679,0.20330776611579124
3680,0.26139830063823416
3681,0.2114898846164735
3682,0.22784879270409095
3683,0.23482788995007015
3684,0.17448936276582433
3685,0.22834446856845525
3686,0.19364091605259356
3687,0.21650692308131497
3688,0.20330776611579124
3689,0.24201562383885422
3690,0.2530352475201698
3691,0.2298425947369195
3692,0.24307733376947893
3693,0.2552070595568783
3694,0.257064147792707
3695,0.19095324139875086
3696,0.23874318092395183
3697,0.18630342980039458
3698,0.23611837105849373
3699,0.19222024405460433
3700,0.2146184360384977
3701,0.2522363261904708
3702,0.2373580909929984
3703,0.23809261161747297
3704,0.23518627895628993
3705,0.17172031696278575
3706,0.24663423573714083
3707,0.1822946640628514
3708,0.2721429364946801
3709,0.2046928560467447
3710,0.23108231467142423
3711,0.21010479468552004
3712,0.22245493703559432
3713,0.1945730081547973
3714,0.1977137588007655
3715,0.19595809808575076
3716,0.20952782583533577
3717,0.18090957413189795
3718,0.1971978180202554
3719,0.24931752802401744
3720,0.19829844889844928
3721,0.25165015758921644
3722,0.217104156847645
3723,0.26159587211596336
3724,0.22319125985823515
3725,0.23482788995007015
3726,0.22754554723875622
3727,0.2374833264544532
3728,0.21792321271233794
3729,0.2635701126749426
3730,0.18818419559571228
3731,0.22005050921226696
3732,0.18630342980039458
3733,0.16082592874292492
3734,0.23158664673523732
3735,0.23198266352193708
3736,0.22507974690105245
3737,0.23198266352193708
3738,0.17448936276582433
3739,0.22891050263471577
3740,0.18405032477786615
3741,0.15616839589706913
3742,0.19095324139875086
3743,0.25382196962592496
3744,0.18040617702003411
3745,0.25314828375768067
3746,0.15616839589706913
3747,0.18914093498102805
3748,0.22301382291549984
3749,0.17997748202969416
3750,0.2365143878451935
3751,0.19364091605259356
3752,0.26731511489244386
3753,0.20560481361395458
3754,0.24400942587168278
3755,0.16082592874292492
3756,0.18090957413189795
3757,0.15616839589706913
3758,0.22784879270409095
3759,0.2494032815401794
3760,0.1822946640628514
3761,0.22981085148522862
3762,0.24201562383885422
3763,0.23249860430244723
3764,0.1981097755874653
3765,0.25382196962592496
3766,0.19593796355075685
3767,0.26139830063823416
3768,0.27727302864313486
3769,0.2230209711018548
3770,0.17033522703183235
3771,0.21227660672222853
3772,0.1945730081547973
3773,0.22115673467967123
3774,0.2298425947369195
3775,0.2629809620469168
3776,0.24793243809306398
3777,0.1726322745299957
3778,0.18090957413189795
3779,0.22507974690105245
3780,0.2155187848890106
3781,0.24666543543721045
3782,0.2396551384911617
3783,0.23265607791336165
3784,0.23518627895628993
3785,0.23249860430244723
3786,0.23017035710421435
3787,0.25580429332320836
3788,0.2046928560467447
3789,0.195812728089302
3790,0.26139830063823416
3791,0.25396733962237367
3792,0.2484913239729695
3793,0.23668440512475417
3794,0.1726322745299957
3795,0.22784879270409095
3796,0.20560035308361255
3797,0.21337871610399298
3798,0.19687005565296065
3799,0.22784879270409095
3800,0.19687005565296065
3801,0.18136257196064756
3802,0.26997112445797156
3803,0.26731511489244386
3804,0.23265607791336165
3805,0.2146184360384977
3806,0.25165015758921644
3807,0.2178786971755585
3808,0.2192637871065119
3809,0.2635701126749426
3810,0.21512183315036154
3811,0.271356214388925
3812,0.24742904098120014
3813,0.17997748202969416
3814,0.17499275987768814
3815,0.2484913239729695
3816,0.2393596142733265
3817,0.1679824629316394
3818,0.25580429332320836
3819,0.2735280264256335
3820,0.1794740849178303
3821,0.21425893041951197
3822,0.1981097755874653
3823,0.1981097755874653
3824,0.21417763743369203
3825,0.2530352475201698
3826,0.18353438399735605
3827,0.19971528208109363
3828,0.264955202605896
3829,0.24539451580263616
3830,0.25382196962592496
3831,0.2735280264256335
3832,0.20650516246446748
3833,0.17997748202969416
3834,0.24793243809306398
3835,0.24493442200530757
3836,0.2023712916466213
3837,0.22842576155427521
3838,0.2530230482962259
3839,0.18405032477786615
3840,0.22519278313856328
3841,0.22661345513655243
3842,0.2472314695034709
3843,0.2192637871065119
3844,0.19595809808575076
3845,0.2155187848890106
3846,0.18353438399735605
3847,0.24742904098120014
3848,0.2373580909929984
3849,0.24307733376947893
3850,0.23874318092395183
3851,0.264955202605896
3852,0.23518627895628993
3853,0.16082592874292492
3854,0.24631951193626098
3855,0.21512183315036154
3856,0.24710623404201607
3857,0.2794448406798433
3858,0.23984381180214565
3859,0.2287852671732609
3860,0.2378994777761469
3861,0.22319125985823515
3862,0.15616839589706913
3863,0.22507974690105245
3864,0.20796529896164706
3865,0.23984381180214565
3866,0.2721429364946801
3867,0.17997748202969416
3868,0.18914093498102805
3869,0.257064147792707
3870,0.24400942587168278
3871,0.23198266352193708
3872,0.25797610535991683
3873,0.20650516246446748
3874,0.24201562383885422
3875,0.21977164474871777
3876,0.2508512362595174
3877,0.26389291961412664
3878,0.23249860430244723
3879,0.25942406007925484
3880,0.2721429364946801
3881,0.22384002696654773
3882,0.2552070595568783
3883,0.25382196962592496
3884,0.217104156847645
3885,0.2046928560467447
3886,0.2444624237004324
3887,0.2708720168601058
3888,0.19878318997888983
3889,0.21326567986648212
3890,0.17547750095812867
3891,0.234342575808485
3892,0.2082881059008311
3893,0.2535072458250451
3894,0.24493442200530757
3895,0.2508512362595174
3896,0.18405032477786615
3897,0.22784879270409095
3898,0.19821715591262934
3899,0.19004843201789587
3900,0.217104156847645
3901,0.22972955849940865
3902,0.26731511489244386
3903,0.2530230482962259
3904,0.21792321271233794
3905,0.18865619390058755
3906,0.2530230482962259
3907,0.2023712916466213
3908,0.18353438399735605
3909,0.18353438399735605
3910,0.22245493703559432
3911,0.22567698066738248
3912,0.24663423573714083
3913,0.23841541855665704
3914,0.20512007253351408
3915,0.26389291961412664
3916,0.21010479468552004
3917,0.17547750095812867
3918,0.21650692308131497
3919,0.23857289216757144
3920,0.22567698066738248
3921,0.26139830063823416
3922,0.21413369495805715
3923,0.1794740849178303
3924,0.24525722894449165
3925,0.2687002048233973
3926,0.24710623404201607
3927,0.2635701126749426
3928,0.21425893041951197
3929,0.26159587211596336
3930,0.22507974690105245
3931,0.26159587211596336
3932,0.18630342980039458
3933,0.21653812278138457
3934,0.2629809620469168
3935,0.22842576155427521
3936,0.20650516246446748
3937,0.23265607791336165
3938,0.17997748202969416
3939,0.25258224969142024
3940,0.23984381180214565
3941,0.23934041469028183
3942,0.23809261161747297
3943,0.2780597507488899
3944,0.1945730081547973
3945,0.22115673467967123
3946,0.2396551384911617
3947,0.14250496187416975
3948,0.20560035308361255
3949,0.2215228449333905
3950,0.22981085148522862
3951,0.24493442200530757
3952,0.14250496187416975
3953,0.2378994777761469
3954,0.234342575808485
3955,0.24805052536816385
3956,0.2178786971755585
3957,0.25396733962237367
3958,0.24714571598730892
3959,0.19004128383154098
3960,0.23874318092395183
3961,0.23293940290725287
3962,0.25382196962592496
3963,0.23198266352193708
3964,0.18818419559571228
3965,0.23376560695830076
3966,0.2063870751893676
3967,0.2508512362595174
3968,0.264955202605896
3969,0.23159379492159224
3970,0.19829844889844928
3971,0.23668440512475417
3972,0.2694869269291524
3973,0.23984381180214565
3974,0.23874318092395183
3975,0.24742904098120014
3976,0.25314828375768067
3977,0.26159587211596336
3978,0.1867991056647589
3979,0.21927596888435352
3980,0.2138821132158569
3981,0.2553200957943892
3982,0.21242197671867724
3983,0.18818419559571228
3984,0.19595809808575076
3985,0.22290793486434393
3986,0.22891050263471577
3987,0.2393596142733265
3988,0.17172031696278575
3989,0.22972955849940865
3990,0.21512183315036154
3991,0.21227660672222853
3992,0.22519278313856328
3993,0.1950260059835469
3994,0.21242197671867724
3995,0.20650516246446748
3996,0.2046928560467447
3997,0.195812728089302
3998,0.23076759087054435
3999,0.1794740849178303
4000,0.22384002696654773
4001,0.2508512362595174
4002,0.21792321271233794
4003,0.2378994777761469
4004,0.24525722894449165
4005,0.21792321271233794
4006,0.18164589695453878
4007,0.2365143878451935
4008,0.2407447042042799
4009,0.2287852671732609
4010,0.18214929406640262
4011,0.24805052536816385
4012,0.22245493703559432
4013,0.25165015758921644
4014,0.18818419559571228
4015,0.2444624237004324
4016,0.2412289017330991
4017,0.2444624237004324
4018,0.21792321271233794
4019,0.22115673467967123
4020,0.2138821132158569
4021,0.26731511489244386
4022,0.22799854506750586
4023,0.21425893041951197
4024,0.2046928560467447
4025,0.22567698066738248
4026,0.20512007253351408
4027,0.2298425947369195
4028,0.23668440512475417
4029,0.2780597507488899
4030,0.18136257196064756
4031,0.22384002696654773
4032,0.23108231467142423
4033,0.2004702609351578
4034,0.22891050263471577
4035,0.18040617702003411
4036,0.271356214388925
4037,0.26278339056918754
4038,0.20650516246446748
4039,0.20588367807750374
4040,0.2042152631526591
4041,0.23376560695830076
4042,0.2082881059008311
4043,0.19004128383154098
4044,0.21103688678772384
4045,0.24201562383885422
4046,0.1794740849178303
4047,0.21425893041951197
4048,0.2230209711018548
4049,0.20512007253351408
4050,0.23572766573943837
4051,0.2393596142733265
4052,0.23750346098944713
4053,0.25382196962592496
4054,0.1580568829398864
4055,0.2617211075774182
4056,0.23265607791336165
4057,0.16082592874292492
4058,0.22369465697009905
4059,0.18353438399735605
4060,0.23572766573943837
4061,0.25580429332320836
4062,0.1981097755874653
4063,0.22384002696654773
4064,0.22101944782152666
4065,0.2216287329845464
4066,0.22392578048270975
4067,0.21326567986648212
4068,0.2407447042042799
4069,0.14250496187416975
4070,0.20371186604079522
4071,0.19595809808575076
4072,0.2522363261904708
4073,0.23158664673523732
4074,0.23376560695830076
4075,0.22842576155427521
4076,0.20560035308361255
4077,0.21512183315036154
4078,0.2018553508661112
4079,0.22384002696654773
4080,0.24631951193626098
4081,0.23809261161747297
4082,0.2178786971755585
4083,0.23249860430244723
4084,0.2412289017330991
4085,0.21188058993552872
4086,0.23108231467142423
4087,0.23668440512475417
4088,0.20330776611579124
4089,0.23159379492159224
4090,0.23841541855665704
4091,0.19004128383154098
4092,0.18865619390058755
4093,0.25396733962237367
4094,0.217104156847645
4095,0.21417763743369203
4096,0.22891050263471577
4097,0.18090957413189795
4098,0.18914093498102805
4099,0.2373580909929984
4100,0.2530230482962259
4101,0.1580568829398864
4102,0.2687002048233973
4103,0.1580568829398864
4104,0.21650692308131497
4105,0.2735280264256335
4106,0.25942406007925484
4107,0.21326567986648212
4108,0.19004128383154098
4109,0.15616839589706913
4110,0.2721429364946801
4111,0.19968353882940273
4112,0.23841541855665704
4113,0.25489233575599846
4114,0.2178786971755585
4115,0.22101944782152666
4116,0.21927596888435352
4117,0.21526720314681028
4118,0.14250496187416975
4119,0.18630342980039458
4120,0.25165015758921644
4121,0.21227660672222853
4122,0.19968353882940273
4123,0.17997748202969416
4124,0.271356214388925
4125,0.26997112445797156
4126,0.25258224969142024
4127,0.17033522703183235
4128,0.22661345513655243
4129,0.2407447042042799
4130,0.1945730081547973
4131,0.22319125985823515
4132,0.23572766573943837
4133,0.2508512362595174
4134,0.2530230482962259
4135,0.19968353882940273
4136,0.195812728089302
4137,0.2365143878451935
4138,0.2082881059008311
4139,0.23376560695830076
4140,0.24307733376947893
4141,0.1794740849178303
4142,0.271356214388925
4143,0.2415122267269903
4144,0.1977137588007655
4145,0.2494032815401794
4146,0.25396733962237367
4147,0.23293940290725287
4148,0.22369465697009905
4149,0.24524914580618742
4150,0.18040617702003411
4151,0.19829844889844928
4152,0.26139830063823416
4153,0.2553200957943892
4154,0.2415122267269903
4155,0.2023712916466213
4156,0.1822946640628514
4157,0.2219515399237305
4158,0.22245493703559432
4159,0.25797610535991683
4160,0.23611837105849373
4161,0.23376560695830076
4162,0.22115673467967123
4163,0.2735280264256335
4164,0.2230209711018548
4165,0.2230209711018548
4166,0.1867991056647589
4167,0.26139830063823416
4168,0.22507974690105245
4169,0.20512007253351408
4170,0.24576062605635546
4171,0.2365143878451935
4172,0.23885621716146263
4173,0.2230209711018548
4174,0.2629809620469168
4175,0.2023712916466213
4176,0.19364091605259356
4177,0.17499275987768814
4178,0.2018553508661112
4179,0.20777216512032104
4180,0.1822946640628514
4181,0.24539451580263616
4182,0.23017035710421435
4183,0.24400942587168278
4184,0.2023712916466213
4185,0.22972955849940865
4186,0.25797610535991683
4187,0.2472314695034709
4188,0.23809261161747297
4189,0.2298425947369195
4190,0.22017574467372183
4191,0.2298425947369195
4192,0.22369465697009905
4193,0.2082881059008311
4194,0.2155187848890106
4195,0.2046928560467447
4196,0.19364091605259356
4197,0.26080915001020827
4198,0.20371186604079522
4199,0.14250496187416975
4200,0.2138821132158569
4201,0.2004702609351578
4202,0.18865619390058755
4203,0.25165015758921644
4204,0.24793243809306398
4205,0.2412289017330991
4206,0.21196188292134868
4207,0.22115673467967123
4208,0.2508512362595174
4209,0.22245493703559432
4210,0.2192637871065119
4211,0.22319125985823515
4212,0.21295002111365305
4213,0.2365143878451935
4214,0.24663423573714083
4215,0.22567698066738248
4216,0.2298425947369195
4217,0.21413369495805715
4218,0.1867991056647589
4219,0.24931752802401744
4220,0.1822946640628514
4221,0.2687002048233973
4222,0.195812728089302
4223,0.25382196962592496
4224,0.25942406007925484
4225,0.21417763743369203
4226,0.2694869269291524
4227,0.19364091605259356
4228,0.2530230482962259
4229,0.18818419559571228
4230,0.24340071376980757
4231,0.18865619390058755
4232,0.2063870751893676
4233,0.18630342980039458
4234,0.25942406007925484
4235,0.1950260059835469
4236,0.22972955849940865
4237,0.22384002696654773
4238,0.2155187848890106
4239,0.21425893041951197
4240,0.22301382291549984
4241,0.22972955849940865
4242,0.2004702609351578
4243,0.264955202605896
4244,0.2617211075774182
4245,0.23108231467142423
4246,0.22115673467967123
4247,0.19364091605259356
4248,0.26389291961412664
4249,0.21927596888435352
4250,0.18214929406640262
4251,0.2794448406798433
4252,0.25797610535991683
4253,0.2192637871065119
4254,0.23885621716146263
4255,0.16082592874292492
4256,0.23934041469028183
4257,0.2178786971755585
4258,0.24805052536816385
4259,0.21512183315036154
4260,0.24539451580263616
4261,0.2407447042042799
4262,0.22893063716970966
4263,0.2219515399237305
4264,0.2735280264256335
4265,0.16581065089493094
4266,0.23984381180214565
4267,0.23809261161747297
4268,0.22005050921226696
4269,0.23076759087054435
4270,0.21643074245622046
4271,0.23934041469028183
4272,0.195812728089302
4273,0.264955202605896
4274,0.2023712916466213
4275,0.23020155680428392
4276,0.20560481361395458
4277,0.22891050263471577
4278,0.2412289017330991
4279,0.18090957413189795
4280,0.26997112445797156
4281,0.1867991056647589
4282,0.264955202605896
4283,0.22519278313856328
4284,0.24524914580618742
4285,0.19595809808575076
4286,0.27727302864313486
4287,0.21927596888435352
4288,0.19222024405460433
4289,0.16082592874292492
4290,0.19829844889844928
4291,0.21927596888435352
4292,0.19595809808575076
4293,0.23076759087054435
4294,0.21010479468552004
4295,0.1822946640628514
4296,0.23934041469028183
4297,0.2535072458250451
4298,0.25382196962592496
4299,0.22893063716970966
4300,0.21103688678772384
4301,0.23809261161747297
4302,0.22784879270409095
4303,0.18090957413189795
4304,0.27588793871218137
4305,0.17997748202969416
4306,0.1726322745299957
4307,0.1580568829398864
4308,0.18040617702003411
4309,0.22661345513655243
4310,0.20560035308361255
4311,0.22842576155427521
4312,0.27727302864313486
4313,0.2365143878451935
4314,0.23076759087054435
4315,0.21334697285230209
4316,0.23376560695830076
4317,0.2494032815401794
4318,0.24201562383885422
4319,0.23984381180214565
4320,0.20796529896164706
4321,0.26731511489244386
4322,0.22799854506750586
4323,0.21196188292134868
4324,0.26731511489244386
4325,0.20330776611579124
4326,0.2046928560467447
4327,0.1867991056647589
4328,0.21977164474871777
4329,0.22392578048270975
4330,0.2444624237004324
4331,0.2192637871065119
4332,0.23885621716146263
4333,0.2544081382271793
4334,0.20330776611579124
4335,0.23718780223661798
4336,0.23947770154842637
4337,0.23108231467142423
4338,0.2444624237004324
4339,0.18405032477786615
4340,0.24400942587168278
4341,0.2230209711018548
4342,0.20650516246446748
4343,0.23809261161747297
4344,0.2192637871065119
4345,0.22005050921226696
4346,0.2378994777761469
4347,0.18405032477786615
4348,0.23518627895628993
4349,0.22384002696654773
4350,0.25942406007925484
4351,0.23809261161747297
4352,0.19593796355075685
4353,0.2721429364946801
4354,0.20777216512032104
4355,0.2508512362595174
4356,0.156671793008933
4357,0.22101944782152666
4358,0.1822946640628514
4359,0.18136257196064756
4360,0.23572766573943837
4361,0.2298425947369195
4362,0.2780597507488899
4363,0.2535072458250451
4364,0.257064147792707
4365,0.23198266352193708
4366,0.234342575808485
4367,0.19971528208109363
4368,0.2215228449333905
4369,0.24524914580618742
4370,0.24666543543721045
4371,0.1945730081547973
4372,0.2287852671732609
4373,0.2143351110446065
4374,0.2093503888926005
4375,0.2708720168601058
4376,0.2721429364946801
4377,0.22234755671043027
4378,0.24340071376980757
4379,0.23657136888724334
4380,0.2160347256695207
4381,0.23934041469028183
4382,0.24400942587168278
4383,0.27588793871218137
4384,0.23718780223661798
4385,0.22834446856845525
4386,0.23482788995007015
4387,0.22384002696654773
4388,0.21010479468552004
4389,0.22101944782152666
4390,0.2160347256695207
4391,0.2018553508661112
4392,0.17499275987768814
4393,0.23482788995007015
4394,0.23017035710421435
4395,0.2160347256695207
4396,0.19364091605259356
4397,0.26389291961412664
4398,0.2530230482962259
4399,0.18090957413189795
4400,0.19595809808575076
4401,0.19222024405460433
4402,0.2216287329845464
4403,0.22115673467967123
4404,0.18405032477786615
4405,0.22101944782152666
4406,0.23874318092395183
4407,0.1945730081547973
4408,0.26139830063823416
4409,0.25942406007925484
4410,0.18164589695453878
4411,0.2494032815401794
4412,0.22842576155427521
4413,0.21366169665318197
4414,0.23841541855665704
4415,0.22301382291549984
4416,0.2042152631526591
4417,0.19364091605259356
4418,0.19968353882940273
4419,0.21242197671867724
4420,0.22319125985823515
4421,0.26278339056918754
4422,0.27588793871218137
4423,0.22842576155427521
4424,0.18630342980039458
4425,0.2365143878451935
4426,0.24201562383885422
4427,0.23108231467142423
4428,0.2552070595568783
4429,0.25314828375768067
4430,0.2396551384911617
4431,0.22784879270409095
4432,0.156671793008933
4433,0.21010479468552004
4434,0.2230209711018548
4435,0.18865619390058755
4436,0.23611837105849373
4437,0.24307733376947893
4438,0.21526720314681028
4439,0.22784879270409095
4440,0.23857289216757144
4441,0.234342575808485
4442,0.22661345513655243
4443,0.17547750095812867
4444,0.22115673467967123
4445,0.19364091605259356
4446,0.19968353882940273
4447,0.2155187848890106
4448,0.25942406007925484
4449,0.2334428000191167
4450,0.1580568829398864
4451,0.25942406007925484
4452,0.2334428000191167
4453,0.23934041469028183
4454,0.19829844889844928
4455,0.19095324139875086
4456,0.21643074245622046
4457,0.2216287329845464
4458,0.19595809808575076
4459,0.18405032477786615
4460,0.22754554723875622
4461,0.2143351110446065
4462,0.19222024405460433
4463,0.26159587211596336
4464,0.22245493703559432
4465,0.2415122267269903
4466,0.264955202605896
4467,0.19222024405460433
4468,0.22301382291549984
4469,0.17033522703183235
4470,0.2093503888926005
4471,0.2721429364946801
4472,0.2160347256695207
4473,0.2472314695034709
4474,0.195812728089302
4475,0.18405032477786615
4476,0.24714571598730892
4477,0.25942406007925484
4478,0.25567905786175354
4479,0.22799854506750586
4480,0.23934041469028183
4481,0.2484913239729695
4482,0.19687005565296065
4483,0.18413161776368608
4484,0.22981085148522862
4485,0.24710623404201607
4486,0.26080915001020827
4487,0.24666543543721045
4488,0.19222024405460433
4489,0.2530230482962259
4490,0.22972955849940865
4491,0.20560035308361255
4492,0.22384002696654773
4493,0.2484913239729695
4494,0.2146184360384977
4495,0.21425893041951197
4496,0.21227660672222853
4497,0.24340071376980757
4498,0.25797610535991683
4499,0.1794740849178303
4500,0.22891050263471577
4501,0.2412289017330991
4502,0.22101944782152666
4503,0.2230209711018548
4504,0.19971528208109363
4505,0.1763778498086416
4506,0.22893063716970966
4507,0.20796529896164706
4508,0.22319125985823515
4509,0.2365143878451935
4510,0.22115673467967123
4511,0.234342575808485
4512,0.23668440512475417
4513,0.19593796355075685
4514,0.2219515399237305
4515,0.18818419559571228
4516,0.24400942587168278
4517,0.2735280264256335
4518,0.26139830063823416
4519,0.23159379492159224
4520,0.1867991056647589
4521,0.18040617702003411
4522,0.2178786971755585
4523,0.17033522703183235
4524,0.2396551384911617
4525,0.1763778498086416
4526,0.2073560137986273
4527,0.17448936276582433
4528,0.2178786971755585
4529,0.23984381180214565
4530,0.1950260059835469
4531,0.19821715591262934
4532,0.24666543543721045
4533,0.18164589695453878
4534,0.2138821132158569
4535,0.15616839589706913
4536,0.21417763743369203
4537,0.24576062605635546
4538,0.2215228449333905
4539,0.21227660672222853
4540,0.2396551384911617
4541,0.23482788995007015
4542,0.2365143878451935
4543,0.2063870751893676
4544,0.2138821132158569
4545,0.17033522703183235
4546,0.21413369495805715
4547,0.24931752802401744
4548,0.2378994777761469
4549,0.24742904098120014
4550,0.1977137588007655
4551,0.26278339056918754
4552,0.21337871610399298
4553,0.20330776611579124
4554,0.2617211075774182
4555,0.22234755671043027
4556,0.18214929406640262
4557,0.20650516246446748
4558,0.22661345513655243
4559,0.23159379492159224
4560,0.2178786971755585
4561,0.18818419559571228
4562,0.25489233575599846
4563,0.25942406007925484
4564,0.2522363261904708
4565,0.23376560695830076
4566,0.21425893041951197
4567,0.24307733376947893
4568,0.2138821132158569
4569,0.26080915001020827
4570,0.2305975735909837
4571,0.19878318997888983
4572,0.2192637871065119
4573,0.21103688678772384
4574,0.24201562383885422
4575,0.20588367807750374
4576,0.23718780223661798
4577,0.20560481361395458
4578,0.21650692308131497
4579,0.22319125985823515
4580,0.23198266352193708
4581,0.21977164474871777
4582,0.19971528208109363
4583,0.2230209711018548
4584,0.1977137588007655
4585,0.21526720314681028
4586,0.2230209711018548
4587,0.2004702609351578
4588,0.2287852671732609
4589,0.24742904098120014
4590,0.19102942202384535
4591,0.23198266352193708
4592,0.22567698066738248
4593,0.24714571598730892
4594,0.21242197671867724
4595,0.2155187848890106
4596,0.22319125985823515
4597,0.23947770154842637
4598,0.25314828375768067
4599,0.23668440512475417
4600,0.21337871610399298
4601,0.22834446856845525
4602,0.1977137588007655
4603,0.18914093498102805
4604,0.20095500201559835
4605,0.21653812278138457
4606,0.16581065089493094
4607,0.24524914580618742
4608,0.21188058993552872
4609,0.17547750095812867
4610,0.23947770154842637
4611,0.22392578048270975
4612,0.2018553508661112
4613,0.25489233575599846
4614,0.23657136888724334
4615,0.23482788995007015
4616,0.18630342980039458
4617,0.2378994777761469
4618,0.2287852671732609
4619,0.19968353882940273
4620,0.1726322745299957
4621,0.23017035710421435
4622,0.24663423573714083
4623,0.1580568829398864
4624,0.22893063716970966
4625,0.2412289017330991
4626,0.21227660672222853
4627,0.23249860430244723
4628,0.19593796355075685
4629,0.25314828375768067
4630,0.23718780223661798
4631,0.2522363261904708
4632,0.21227660672222853
4633,0.23158664673523732
4634,0.24340071376980757
4635,0.24539451580263616
4636,0.22101944782152666
4637,0.18630342980039458
4638,0.2146184360384977
4639,0.22017574467372183
4640,0.24931752802401744
4641,0.1867991056647589
4642,0.2472314695034709
4643,0.25165015758921644
4644,0.22834446856845525
4645,0.2298425947369195
4646,0.19004128383154098
4647,0.2708720168601058
4648,0.23159379492159224
4649,0.24524914580618742
4650,0.22893063716970966
4651,0.22143559914322042
4652,0.24525722894449165
4653,0.17997748202969416
4654,0.24631951193626098
4655,0.2721429364946801
4656,0.22392578048270975
4657,0.23076759087054435
4658,0.21792321271233794
4659,0.22754554723875622
4660,0.19829844889844928
4661,0.18090957413189795
4662,0.1977137588007655
4663,0.21413369495805715
4664,0.24524914580618742
4665,0.19102942202384535
4666,0.2553200957943892
4667,0.21643074245622046
4668,0.195812728089302
4669,0.18214929406640262
4670,0.1763778498086416
4671,0.21413369495805715
4672,0.217104156847645
4673,0.217104156847645
4674,0.23668440512475417
4675,0.17499275987768814
4676,0.2522363261904708
4677,0.23265607791336165
4678,0.24710623404201607
4679,0.2004702609351578
4680,0.26997112445797156
4681,0.2023712916466213
4682,0.20330776611579124
4683,0.1822946640628514
4684,0.19821715591262934
4685,0.23984381180214565
4686,0.18040617702003411
4687,0.21653812278138457
4688,0.264955202605896
4689,0.22101944782152666
4690,0.23984381180214565
4691,0.25382196962592496
4692,0.14250496187416975
4693,0.25396733962237367
4694,0.22101944782152666
4695,0.2046928560467447
4696,0.2178786971755585
4697,0.19222024405460433
4698,0.23249860430244723
4699,0.26731511489244386
4700,0.18040617702003411
4701,0.22567698066738248
4702,0.23572766573943837
4703,0.2178786971755585
4704,0.17547750095812867
4705,0.25489233575599846
4706,0.22384002696654773
4707,0.2721429364946801
4708,0.23020155680428392
4709,0.21792321271233794
4710,0.17547750095812867
4711,0.19102942202384535
4712,0.23017035710421435
4713,0.22245493703559432
4714,0.1867991056647589
4715,0.27727302864313486
4716,0.24631951193626098
4717,0.23668440512475417
4718,0.24714571598730892
4719,0.24539451580263616
4720,0.21337871610399298
4721,0.2042152631526591
4722,0.20777216512032104
4723,0.2160347256695207
4724,0.26997112445797156
4725,0.18090957413189795
4726,0.1580568829398864
4727,0.2393596142733265
4728,0.20371186604079522
4729,0.24710623404201607
4730,0.22893063716970966
4731,0.1822946640628514
4732,0.23249860430244723
4733,0.25314828375768067
4734,0.22101944782152666
4735,0.25797610535991683
4736,0.21295002111365305
4737,0.24525722894449165
4738,0.1763778498086416
4739,0.20512007253351408
4740,0.18214929406640262
4741,0.264955202605896
4742,0.26159587211596336
4743,0.21366169665318197
4744,0.2004702609351578
4745,0.16082592874292492
4746,0.2393596142733265
4747,0.21188058993552872
4748,0.26997112445797156
4749,0.22893063716970966
4750,0.2143351110446065
4751,0.23293940290725287
4752,0.2178786971755585
4753,0.21103688678772384
4754,0.2216287329845464
4755,0.2694869269291524
4756,0.1977137588007655
4757,0.21337871610399298
4758,0.18040617702003411
4759,0.23611837105849373
4760,0.2373580909929984
4761,0.2046928560467447
4762,0.17448936276582433
4763,0.21650692308131497
4764,0.1981097755874653
4765,0.23874318092395183
4766,0.23482788995007015
4767,0.2553200957943892
4768,0.1937984678268838
4769,0.24400942587168278
4770,0.17547750095812867
4771,0.24307733376947893
4772,0.2396551384911617
4773,0.1867991056647589
4774,0.23127098798240822
4775,0.23668440512475417
4776,0.19960224584358277
4777,0.19004128383154098
4778,0.15616839589706913
4779,0.2522363261904708
4780,0.18136257196064756
4781,0.217104156847645
4782,0.22369465697009905
4783,0.22519278313856328
4784,0.25580429332320836
4785,0.21650692308131497
4786,0.20330776611579124
4787,0.1945730081547973
4788,0.23127098798240822
4789,0.24793243809306398
4790,0.264955202605896
4791,0.22891050263471577
4792,0.21366169665318197
4793,0.2004702609351578
4794,0.1867991056647589
4795,0.20512007253351408
4796,0.1726322745299957
4797,0.2093503888926005
4798,0.21650692308131497
4799,0.2415122267269903
4800,0.23657136888724334
4801,0.23159379492159224
4802,0.2687002048233973
4803,0.22661345513655243
4804,0.17499275987768814
4805,0.25489233575599846
4806,0.24400942587168278
4807,0.18353438399735605
4808,0.217104156847645
4809,0.18865619390058755
4810,0.2365143878451935
4811,0.23158664673523732
4812,0.22754554723875622
4813,0.19222024405460433
4814,0.2216287329845464
4815,0.23017035710421435
4816,0.20560481361395458
4817,0.2063870751893676
4818,0.23885621716146263
4819,0.2687002048233973
4820,0.25314828375768067
4821,0.2535072458250451
4822,0.2484913239729695
4823,0.2735280264256335
4824,0.2143351110446065
4825,0.19960224584358277
4826,0.22384002696654773
4827,0.21103688678772384
4828,0.1763778498086416
4829,0.21413369495805715
4830,0.22115673467967123
4831,0.19996686382329393
4832,0.2617211075774182
4833,0.23127098798240822
4834,0.2522363261904708
4835,0.19595809808575076
4836,0.22101944782152666
4837,0.2046928560467447
4838,0.26080915001020827
4839,0.1679824629316394
4840,0.18353438399735605
4841,0.24307733376947893
4842,0.23249860430244723
4843,0.19364091605259356
4844,0.21643074245622046
4845,0.23934041469028183
4846,0.17448936276582433
4847,0.19364091605259356
4848,0.22143559914322042
4849,0.22842576155427521
4850,0.23885621716146263
4851,0.2023712916466213
4852,0.19595809808575076
4853,0.22234755671043027
4854,0.22893063716970966
4855,0.23265607791336165
4856,0.18040617702003411
4857,0.17033522703183235
4858,0.2287852671732609
4859,0.19960224584358277
4860,0.23611837105849373
4861,0.2552070595568783
4862,0.27588793871218137
4863,0.23293940290725287
4864,0.22972955849940865
4865,0.26139830063823416
4866,0.23076759087054435
4867,0.24525722894449165
4868,0.2635701126749426
4869,0.23158664673523732
4870,0.217104156847645
4871,0.21010479468552004
4872,0.18818419559571228
4873,0.1822946640628514
4874,0.2484913239729695
4875,0.23076759087054435
4876,0.2093503888926005
4877,0.2635701126749426
4878,0.19364091605259356
4879,0.25567905786175354
4880,0.24525722894449165
4881,0.21227660672222853
4882,0.18164589695453878
4883,0.18405032477786615
4884,0.19595809808575076
4885,0.18136257196064756
4886,0.2415122267269903
4887,0.2216287329845464
4888,0.25489233575599846
4889,0.22143559914322042
4890,0.26080915001020827
4891,0.21103688678772384
4892,0.21650692308131497
4893,0.2721429364946801
4894,0.20777216512032104
4895,0.19779505178658546
4896,0.23265607791336165
4897,0.26278339056918754
4898,0.2407447042042799
4899,0.2023712916466213
4900,0.2160347256695207
4901,0.2146184360384977
4902,0.1580568829398864
4903,0.2155187848890106
4904,0.2494032815401794
4905,0.2018553508661112
4906,0.1794740849178303
4907,0.23984381180214565
4908,0.2004702609351578
4909,0.2794448406798433
4910,0.18136257196064756
4911,0.26997112445797156
4912,0.2472314695034709
4913,0.21425893041951197
4914,0.21792321271233794
4915,0.24710623404201607
4916,0.2365143878451935
4917,0.23841541855665704
4918,0.20095500201559835
4919,0.23611837105849373
4920,0.18630342980039458
4921,0.195812728089302
4922,0.25396733962237367
4923,0.25567905786175354
4924,0.2544081382271793
4925,0.19996686382329393
4926,0.26731511489244386
4927,0.1950260059835469
4928,0.1950260059835469
4929,0.22369465697009905
4930,0.1794740849178303
4931,0.17499275987768814
4932,0.21927596888435352
4933,0.22005050921226696
4934,0.19004128383154098
4935,0.21653812278138457
4936,0.19968353882940273
4937,0.156671793008933
4938,0.23108231467142423
4939,0.24340071376980757
4940,0.21413369495805715
4941,0.25314828375768067
4942,0.257064147792707
4943,0.2215228449333905
4944,0.17997748202969416
4945,0.21103688678772384
4946,0.21366169665318197
4947,0.21196188292134868
4948,0.19095324139875086
4949,0.17033522703183235
4950,0.21425893041951197
4951,0.18865619390058755
4952,0.1945730081547973
4953,0.21526720314681028
4954,0.2393596142733265
4955,0.21653812278138457
4956,0.23885621716146263
4957,0.20095500201559835
4958,0.23984381180214565
4959,0.22392578048270975
4960,0.23076759087054435
4961,0.19878318997888983
4962,0.23809261161747297
4963,0.23017035710421435
4964,0.23857289216757144
4965,0.24539451580263616
4966,0.23750346098944713
4967,0.22834446856845525
4968,0.16581065089493094
4969,0.21417763743369203
4970,0.20560035308361255
4971,0.1794740849178303
4972,0.1726322745299957
4973,0.19878318997888983
4974,0.217104156847645
4975,0.25567905786175354
4976,0.1726322745299957
4977,0.21196188292134868
4978,0.25797610535991683
4979,0.20952782583533577
4980,0.19004128383154098
4981,0.1937984678268838
4982,0.23934041469028183
4983,0.2530352475201698
4984,0.22891050263471577
4985,0.23017035710421435
4986,0.20560481361395458
4987,0.2192637871065119
4988,0.2215228449333905
4989,0.24493442200530757
4990,0.1971978180202554
4991,0.2444624237004324
4992,0.22290793486434393
4993,0.26278339056918754
4994,0.2396551384911617
4995,0.2230209711018548
4996,0.23198266352193708
4997,0.2063870751893676
4998,0.21512183315036154
4999,0.21653812278138457
